image_id,true_label,true_idx,predicted_idx,predicted_label,confidence,prob_akiec,prob_bcc,prob_bkl,prob_df,prob_mel,prob_nv,prob_vasc,risk_score,age,sex,localization,dx_type,lesion_id,case_type
ISIC_0032892,mel,4,4,mel,1.0,1.8304782e-09,7.884326e-11,2.0497217e-09,4.0485134e-15,1.0,1.6889011e-08,7.126117e-18,1.0,85.0,female,back,histo,HAM_0003354,"CAUGHT
both heads agree"
ISIC_0026993,mel,4,4,mel,0.9999999,8.7471874e-10,6.478808e-10,4.6027604e-09,1.0916552e-13,0.9999999,1.11271405e-07,4.1488685000000005e-16,0.99999964,45.0,female,lower extremity,histo,HAM_0005186,"CAUGHT
both heads agree"
ISIC_0033881,mel,4,2,bkl,0.49593073,0.0003377639,3.1220705e-05,0.49593073,2.0544662e-06,0.4649894,0.03870871,1.1305924e-07,0.6078824,40.0,female,face,histo,HAM_0005545,"CLASSIFIER MISSED IT
risk head flagged it"
ISIC_0027063,mel,4,5,nv,0.60269904,0.0001980619,0.0007825219,0.0016205382,8.0126796e-05,0.39456603,0.60269904,5.364254e-05,0.43565482,80.0,male,abdomen,histo,HAM_0004813,"CLASSIFIER MISSED IT
risk head flagged it"
ISIC_0033967,mel,4,2,bkl,0.69596,1.3067648e-05,1.4824032e-05,0.69596,2.7142596e-05,0.0001841749,0.30375478,4.6026995e-05,1.1303729e-05,25.0,female,lower extremity,histo,HAM_0001506,"BOTH HEADS
MISSED IT"
ISIC_0026648,nv,5,5,nv,0.99999964,8.707068e-14,2.1593732e-13,2.9550006e-07,1.7722006e-10,6.5043158e-09,0.99999964,1.7076649e-12,2.7307934e-09,55.0,female,lower extremity,follow_up,HAM_0003994,"BENIGN
correctly low risk"
