experiment_id,model,method,policy,target,target_name,kind,n_positive,prevalence,auc,auc_ci_low,auc_ci_high,pr_auc
densenet169_entropy_dual_metric,densenet169,entropy,dual_metric,akiec,Actinic Keratoses,class_probability,51,0.026771653543307086,0.9830361486557946,0.9703164104660116,0.9926141988912889,0.7570192353558921
densenet169_entropy_dual_metric,densenet169,entropy,dual_metric,bcc,Basal Cell Carcinoma,class_probability,89,0.046719160104986876,0.9934353808840272,0.9883531325054482,0.9973836286873957,0.9275090295037082
densenet169_entropy_dual_metric,densenet169,entropy,dual_metric,bkl,Benign Keratosis,class_probability,206,0.10813648293963254,0.9675623010680183,0.9561994214305528,0.9773099789840834,0.8530736554726611
densenet169_entropy_dual_metric,densenet169,entropy,dual_metric,df,Dermatofibroma,class_probability,9,0.004724409448818898,0.9992967651195499,0.9975010511052514,1.0,0.9365079365079365
densenet169_entropy_dual_metric,densenet169,entropy,dual_metric,mel,Melanoma,class_probability,209,0.10971128608923884,0.9456644398302789,0.9256228159075783,0.9621187001957971,0.8039695068458784
densenet169_entropy_dual_metric,densenet169,entropy,dual_metric,nv,Melanocytic Nevi,class_probability,1327,0.6965879265091863,0.9688085881987886,0.9604364282591555,0.9760955145547968,0.9832465543779161
densenet169_entropy_dual_metric,densenet169,entropy,dual_metric,vasc,Vascular Lesions,class_probability,14,0.007349081364829396,0.9993956334516885,0.9978936004807588,1.0,0.961904761904762
densenet169_entropy_dual_metric,densenet169,entropy,dual_metric,malignant,Malignant (risk head),risk_head,349,0.18320209973753282,0.9559547660963016,0.9429289898253777,0.9669387667639628,0.8819877154588414
densenet169_entropy_dual_metric,densenet169,entropy,dual_metric,malignant,Malignant (summed class probs),summed_class_probs,349,0.18320209973753282,0.9572778633038943,0.9440200742895021,0.9682806105032584,0.8839411992697668
densenet169_entropy_uncertainty_only,densenet169,entropy,uncertainty_only,akiec,Actinic Keratoses,class_probability,51,0.026771653543307086,0.9562260718742729,0.9252892196533706,0.9825783138755616,0.6780651282151147
densenet169_entropy_uncertainty_only,densenet169,entropy,uncertainty_only,bcc,Basal Cell Carcinoma,class_probability,89,0.046719160104986876,0.9964237984457753,0.9942664391069513,0.9980987370408156,0.9306031036482245
densenet169_entropy_uncertainty_only,densenet169,entropy,uncertainty_only,bkl,Benign Keratosis,class_probability,206,0.10813648293963254,0.9735352606044675,0.9632122668579627,0.9820785128409524,0.8413778885636388
densenet169_entropy_uncertainty_only,densenet169,entropy,uncertainty_only,df,Dermatofibroma,class_probability,9,0.004724409448818898,0.9984763244256916,0.994617192206401,1.0,0.9174603174603175
densenet169_entropy_uncertainty_only,densenet169,entropy,uncertainty_only,mel,Melanoma,class_probability,209,0.10971128608923884,0.9392914372122416,0.9203431110566187,0.9550284265247367,0.7686447827022609
densenet169_entropy_uncertainty_only,densenet169,entropy,uncertainty_only,nv,Melanocytic Nevi,class_probability,1327,0.6965879265091863,0.9721195140585601,0.9647704601207661,0.9788578655745543,0.9871986925675943
densenet169_entropy_uncertainty_only,densenet169,entropy,uncertainty_only,vasc,Vascular Lesions,class_probability,14,0.007349081364829396,0.9992067689053411,0.9971329288698869,1.0,0.9571428571428571
densenet169_entropy_uncertainty_only,densenet169,entropy,uncertainty_only,malignant,Malignant (risk head),risk_head,349,0.18320209973753282,0.9505970050308999,0.9370566777718701,0.9621818457413158,0.8587591393366525
densenet169_entropy_uncertainty_only,densenet169,entropy,uncertainty_only,malignant,Malignant (summed class probs),summed_class_probs,349,0.18320209973753282,0.9482693851695259,0.934212232887207,0.9606524854048957,0.8555452446096597
densenet169_least_confidence_dual_metric,densenet169,least_confidence,dual_metric,akiec,Actinic Keratoses,class_probability,51,0.026771653543307086,0.9765636567464094,0.9608299191374663,0.9893958366690909,0.741206924957678
densenet169_least_confidence_dual_metric,densenet169,least_confidence,dual_metric,bcc,Basal Cell Carcinoma,class_probability,89,0.046719160104986876,0.9952296688610602,0.990645041065011,0.9985380491315918,0.9507228412106544
densenet169_least_confidence_dual_metric,densenet169,least_confidence,dual_metric,bkl,Benign Keratosis,class_probability,206,0.10813648293963254,0.9769410332748562,0.9670781553710278,0.9847386593495,0.8648315985419205
densenet169_least_confidence_dual_metric,densenet169,least_confidence,dual_metric,df,Dermatofibroma,class_probability,9,0.004724409448818898,0.9964252226910455,0.9873549439995379,1.0,0.9031746031746031
densenet169_least_confidence_dual_metric,densenet169,least_confidence,dual_metric,mel,Melanoma,class_probability,209,0.10971128608923884,0.953865554753092,0.9382169083673293,0.9666576331194321,0.8166852211767616
densenet169_least_confidence_dual_metric,densenet169,least_confidence,dual_metric,nv,Melanocytic Nevi,class_probability,1327,0.6965879265091863,0.9771670625783893,0.9700472545972602,0.9831772002724323,0.9892410773394023
densenet169_least_confidence_dual_metric,densenet169,least_confidence,dual_metric,vasc,Vascular Lesions,class_probability,14,0.007349081364829396,0.9955427967062023,0.9877615477534605,1.0,0.8636675824175823
densenet169_least_confidence_dual_metric,densenet169,least_confidence,dual_metric,malignant,Malignant (risk head),risk_head,349,0.18320209973753282,0.9635517563954302,0.953359511999344,0.9720814492269263,0.8942042235882025
densenet169_least_confidence_dual_metric,densenet169,least_confidence,dual_metric,malignant,Malignant (summed class probs),summed_class_probs,349,0.18320209973753282,0.962299555837096,0.9515165808598524,0.9714148686394005,0.8930435570018069
densenet169_least_confidence_uncertainty_only,densenet169,least_confidence,uncertainty_only,akiec,Actinic Keratoses,class_probability,51,0.026771653543307086,0.9551578991898809,0.92666988499735,0.9795954256538801,0.6634719359747459
densenet169_least_confidence_uncertainty_only,densenet169,least_confidence,uncertainty_only,bcc,Basal Cell Carcinoma,class_probability,89,0.046719160104986876,0.9942613720734544,0.9900172260503994,0.997390438551156,0.915817596341742
densenet169_least_confidence_uncertainty_only,densenet169,least_confidence,uncertainty_only,bkl,Benign Keratosis,class_probability,206,0.10813648293963254,0.9747681388823808,0.9654251452315781,0.9829141659375658,0.8609784954005391
densenet169_least_confidence_uncertainty_only,densenet169,least_confidence,uncertainty_only,df,Dermatofibroma,class_probability,9,0.004724409448818898,0.9975972808251289,0.9917328172448903,1.0,0.8969513731418493
densenet169_least_confidence_uncertainty_only,densenet169,least_confidence,uncertainty_only,mel,Melanoma,class_probability,209,0.10971128608923884,0.9526383497336824,0.9383631259170355,0.9652514403565134,0.7995457794697959
densenet169_least_confidence_uncertainty_only,densenet169,least_confidence,uncertainty_only,nv,Melanocytic Nevi,class_probability,1327,0.6965879265091863,0.9731129873821065,0.9663731269415184,0.9792637360050099,0.9880278827660193
densenet169_least_confidence_uncertainty_only,densenet169,least_confidence,uncertainty_only,vasc,Vascular Lesions,class_probability,14,0.007349081364829396,0.9929742388758782,0.9790509458139123,1.0,0.8872932330827067
densenet169_least_confidence_uncertainty_only,densenet169,least_confidence,uncertainty_only,malignant,Malignant (risk head),risk_head,349,0.18320209973753282,0.9568156539801563,0.9457654936900624,0.9667559659767851,0.8698320334711036
densenet169_least_confidence_uncertainty_only,densenet169,least_confidence,uncertainty_only,malignant,Malignant (summed class probs),summed_class_probs,349,0.18320209973753282,0.9577419140990417,0.9470717546688244,0.967398521925711,0.8703392410255018
densenet169_margin_dual_metric,densenet169,margin,dual_metric,akiec,Actinic Keratoses,class_probability,51,0.026771653543307086,0.9507159929775578,0.9159732846843294,0.9782928908534382,0.7130004253428409
densenet169_margin_dual_metric,densenet169,margin,dual_metric,bcc,Basal Cell Carcinoma,class_probability,89,0.046719160104986876,0.9947532544671583,0.9891464571852195,0.9984152735861299,0.9443935767728352
densenet169_margin_dual_metric,densenet169,margin,dual_metric,bkl,Benign Keratosis,class_probability,206,0.10813648293963254,0.9711137905221232,0.9601004221984165,0.9802868627760789,0.8451194102836103
densenet169_margin_dual_metric,densenet169,margin,dual_metric,df,Dermatofibroma,class_probability,9,0.004724409448818898,0.9991209563994374,0.9968371112282551,1.0,0.9305555555555556
densenet169_margin_dual_metric,densenet169,margin,dual_metric,mel,Melanoma,class_probability,209,0.10971128608923884,0.9486181953597544,0.9310943804020264,0.9634857457000895,0.8100939519296378
densenet169_margin_dual_metric,densenet169,margin,dual_metric,nv,Melanocytic Nevi,class_probability,1327,0.6965879265091863,0.9718026977624686,0.9641229518091023,0.9784939466164556,0.9858337002326011
densenet169_margin_dual_metric,densenet169,margin,dual_metric,vasc,Vascular Lesions,class_probability,14,0.007349081364829396,0.9788471708090957,0.9428700549811135,1.0,0.8600615216701804
densenet169_margin_dual_metric,densenet169,margin,dual_metric,malignant,Malignant (risk head),risk_head,349,0.18320209973753282,0.953749604083647,0.9410561952003529,0.9644740383737148,0.8752845852959468
densenet169_margin_dual_metric,densenet169,margin,dual_metric,malignant,Malignant (summed class probs),summed_class_probs,349,0.18320209973753282,0.9561398339729378,0.943479807563445,0.9667485865221418,0.8785640328745732
densenet169_margin_uncertainty_only,densenet169,margin,uncertainty_only,akiec,Actinic Keratoses,class_probability,51,0.026771653543307086,0.9754743321276731,0.9598778643258822,0.9885772139641997,0.7292719632347748
densenet169_margin_uncertainty_only,densenet169,margin,uncertainty_only,bcc,Basal Cell Carcinoma,class_probability,89,0.046719160104986876,0.9957493936544077,0.9929225435847354,0.9979913646580075,0.9253459835881948
densenet169_margin_uncertainty_only,densenet169,margin,uncertainty_only,bkl,Benign Keratosis,class_probability,206,0.10813648293963254,0.9715795127916479,0.9602314552001966,0.9806410041615914,0.8527821671205034
densenet169_margin_uncertainty_only,densenet169,margin,uncertainty_only,df,Dermatofibroma,class_probability,9,0.004724409448818898,0.9899789029535865,0.9654035263114121,1.0,0.8944444444444444
densenet169_margin_uncertainty_only,densenet169,margin,uncertainty_only,mel,Melanoma,class_probability,209,0.10971128608923884,0.948203484698023,0.9327885818326657,0.9616296632840416,0.7827066914402707
densenet169_margin_uncertainty_only,densenet169,margin,uncertainty_only,nv,Melanocytic Nevi,class_probability,1327,0.6965879265091863,0.971308568642227,0.9636260303484984,0.9780326084191405,0.9857693945571797
densenet169_margin_uncertainty_only,densenet169,margin,uncertainty_only,vasc,Vascular Lesions,class_probability,14,0.007349081364829396,0.9986024023570296,0.9952355743779777,1.0,0.9481792717086834
densenet169_margin_uncertainty_only,densenet169,margin,uncertainty_only,malignant,Malignant (risk head),risk_head,349,0.18320209973753282,0.9566683362674111,0.9458889815401861,0.966410676192011,0.8667451099056734
densenet169_margin_uncertainty_only,densenet169,margin,uncertainty_only,malignant,Malignant (summed class probs),summed_class_probs,349,0.18320209973753282,0.9589554437577802,0.9483382151378461,0.968029854629943,0.8677779634094803
densenet169_mc_dropout_dual_metric,densenet169,mc_dropout,dual_metric,akiec,Actinic Keratoses,class_probability,51,0.026771653543307086,0.9801171817162679,0.9632463393683782,0.9931186488001934,0.774642017878822
densenet169_mc_dropout_dual_metric,densenet169,mc_dropout,dual_metric,bcc,Basal Cell Carcinoma,class_probability,89,0.046719160104986876,0.995489531257734,0.9923622079617247,0.997906579037319,0.9339881568710989
densenet169_mc_dropout_dual_metric,densenet169,mc_dropout,dual_metric,bkl,Benign Keratosis,class_probability,206,0.10813648293963254,0.9662851363166226,0.9532365695595407,0.9779216567525431,0.8475636341574452
densenet169_mc_dropout_dual_metric,densenet169,mc_dropout,dual_metric,df,Dermatofibroma,class_probability,9,0.004724409448818898,0.9998241912798875,0.9992109416096792,1.0,0.9722222222222223
densenet169_mc_dropout_dual_metric,densenet169,mc_dropout,dual_metric,mel,Melanoma,class_probability,209,0.10971128608923884,0.9558615261352351,0.942166237137802,0.9678562620488516,0.7981072356439416
densenet169_mc_dropout_dual_metric,densenet169,mc_dropout,dual_metric,nv,Melanocytic Nevi,class_probability,1327,0.6965879265091863,0.9733039897992976,0.9657037598174258,0.9799508155698615,0.9865054663729517
densenet169_mc_dropout_dual_metric,densenet169,mc_dropout,dual_metric,vasc,Vascular Lesions,class_probability,14,0.007349081364829396,0.9902923623177458,0.9685609685883839,1.0,0.9124895572263994
densenet169_mc_dropout_dual_metric,densenet169,mc_dropout,dual_metric,malignant,Malignant (risk head),risk_head,349,0.18320209973753282,0.9621872260811278,0.9522366736503842,0.9711296477728639,0.8768488431819667
densenet169_mc_dropout_dual_metric,densenet169,mc_dropout,dual_metric,malignant,Malignant (summed class probs),summed_class_probs,349,0.18320209973753282,0.9620785792679782,0.9522905013916168,0.9709185877130074,0.8767716853162397
densenet169_mc_dropout_uncertainty_only,densenet169,mc_dropout,uncertainty_only,akiec,Actinic Keratoses,class_probability,51,0.026771653543307086,0.9670452862914314,0.9408871687179073,0.987660300071735,0.730573574259945
densenet169_mc_dropout_uncertainty_only,densenet169,mc_dropout,uncertainty_only,bcc,Basal Cell Carcinoma,class_probability,89,0.046719160104986876,0.9972219472355591,0.9951632265700727,0.9987255330896562,0.9428489084755745
densenet169_mc_dropout_uncertainty_only,densenet169,mc_dropout,uncertainty_only,bkl,Benign Keratosis,class_probability,206,0.10813648293963254,0.974773853266056,0.9662168821677122,0.982340190843908,0.8686128825613803
densenet169_mc_dropout_uncertainty_only,densenet169,mc_dropout,uncertainty_only,df,Dermatofibroma,class_probability,9,0.004724409448818898,0.9992967651195499,0.9976253298153034,1.0,0.9192982456140352
densenet169_mc_dropout_uncertainty_only,densenet169,mc_dropout,uncertainty_only,mel,Melanoma,class_probability,209,0.10971128608923884,0.9527229845626072,0.9370331174488136,0.9657808496017322,0.799551996400155
densenet169_mc_dropout_uncertainty_only,densenet169,mc_dropout,uncertainty_only,nv,Melanocytic Nevi,class_probability,1327,0.6965879265091863,0.9720862679040321,0.9643209142879636,0.9786772440695315,0.9870854545255364
densenet169_mc_dropout_uncertainty_only,densenet169,mc_dropout,uncertainty_only,vasc,Vascular Lesions,class_probability,14,0.007349081364829396,0.9996978167258442,0.9989016631395454,1.0,0.9740259740259739
densenet169_mc_dropout_uncertainty_only,densenet169,mc_dropout,uncertainty_only,malignant,Malignant (risk head),risk_head,349,0.18320209973753282,0.9581912331229145,0.9469983469596356,0.9679560021777504,0.8688974034964237
densenet169_mc_dropout_uncertainty_only,densenet169,mc_dropout,uncertainty_only,malignant,Malignant (summed class probs),summed_class_probs,349,0.18320209973753282,0.9576369502287108,0.9459395447091428,0.9676149940162998,0.8686614834692666
efficientnet_b4_entropy_dual_metric,efficientnet_b4,entropy,dual_metric,akiec,Actinic Keratoses,class_probability,51,0.026771653543307086,0.9682086426803731,0.951614708310712,0.9822161310575295,0.6656856042341985
efficientnet_b4_entropy_dual_metric,efficientnet_b4,entropy,dual_metric,bcc,Basal Cell Carcinoma,class_probability,89,0.046719160104986876,0.9941469088749195,0.9898927358073155,0.9974712264759298,0.9263874238239184
efficientnet_b4_entropy_dual_metric,efficientnet_b4,entropy,dual_metric,bkl,Benign Keratosis,class_probability,206,0.10813648293963254,0.9635593753035766,0.9517013579914703,0.9739262004974845,0.8313980290463
efficientnet_b4_entropy_dual_metric,efficientnet_b4,entropy,dual_metric,df,Dermatofibroma,class_probability,9,0.004724409448818898,0.9995311767463666,0.9982446901878181,1.0,0.9390432098765432
efficientnet_b4_entropy_dual_metric,efficientnet_b4,entropy,dual_metric,mel,Melanoma,class_probability,209,0.10971128608923884,0.937957028076194,0.9205771994342505,0.9533245664627525,0.7490357864419862
efficientnet_b4_entropy_dual_metric,efficientnet_b4,entropy,dual_metric,nv,Melanocytic Nevi,class_probability,1327,0.6965879265091863,0.9629540055749238,0.9551937863474494,0.9707061083386581,0.9824795974965551
efficientnet_b4_entropy_dual_metric,efficientnet_b4,entropy,dual_metric,vasc,Vascular Lesions,class_probability,14,0.007349081364829396,0.9887436730376974,0.9632685078191551,1.0,0.8822490665105678
efficientnet_b4_entropy_dual_metric,efficientnet_b4,entropy,dual_metric,malignant,Malignant (risk head),risk_head,349,0.18320209973753282,0.9428407274548656,0.929439985346573,0.9552715818966807,0.845886219908589
efficientnet_b4_entropy_dual_metric,efficientnet_b4,entropy,dual_metric,malignant,Malignant (summed class probs),summed_class_probs,349,0.18320209973753282,0.9431961314368633,0.9295036069156218,0.9559044603636685,0.8483219450935023
efficientnet_b4_entropy_uncertainty_only,efficientnet_b4,entropy,uncertainty_only,akiec,Actinic Keratoses,class_probability,51,0.026771653543307086,0.9546819806671321,0.9232712122976253,0.979735373807382,0.6817193242181212
efficientnet_b4_entropy_uncertainty_only,efficientnet_b4,entropy,uncertainty_only,bcc,Basal Cell Carcinoma,class_probability,89,0.046719160104986876,0.9933982576845023,0.9880963059240079,0.9972408070516919,0.923056092709868
efficientnet_b4_entropy_uncertainty_only,efficientnet_b4,entropy,uncertainty_only,bkl,Benign Keratosis,class_probability,206,0.10813648293963254,0.9516334565735413,0.9356729657582773,0.9655868552995762,0.7884578472517287
efficientnet_b4_entropy_uncertainty_only,efficientnet_b4,entropy,uncertainty_only,df,Dermatofibroma,class_probability,9,0.004724409448818898,0.9992381622128458,0.9976303317535545,1.0,0.9054093567251462
efficientnet_b4_entropy_uncertainty_only,efficientnet_b4,entropy,uncertainty_only,mel,Melanoma,class_probability,209,0.10971128608923884,0.9260094113929764,0.9060817721475823,0.9434067706172297,0.7052908931376922
efficientnet_b4_entropy_uncertainty_only,efficientnet_b4,entropy,uncertainty_only,nv,Melanocytic Nevi,class_probability,1327,0.6965879265091863,0.960019217581088,0.9512476972162177,0.9682602439215819,0.980942964703267
efficientnet_b4_entropy_uncertainty_only,efficientnet_b4,entropy,uncertainty_only,vasc,Vascular Lesions,class_probability,14,0.007349081364829396,0.9917655057792552,0.9732840172142283,1.0,0.897851651871511
efficientnet_b4_entropy_uncertainty_only,efficientnet_b4,entropy,uncertainty_only,malignant,Malignant (risk head),risk_head,349,0.18320209973753282,0.9312173599192699,0.9142825393598968,0.9460227118191651,0.8237942355177642
efficientnet_b4_entropy_uncertainty_only,efficientnet_b4,entropy,uncertainty_only,malignant,Malignant (summed class probs),summed_class_probs,349,0.18320209973753282,0.9326886955753125,0.9161085835318452,0.9467542884514403,0.827549017687577
efficientnet_b4_least_confidence_dual_metric,efficientnet_b4,least_confidence,dual_metric,akiec,Actinic Keratoses,class_probability,51,0.026771653543307086,0.9613131120841001,0.937258693199157,0.9808346207960478,0.7025183767827295
efficientnet_b4_least_confidence_dual_metric,efficientnet_b4,least_confidence,dual_metric,bcc,Basal Cell Carcinoma,class_probability,89,0.046719160104986876,0.9939984160768203,0.9879296259498643,0.9981346412234379,0.9372866789553899
efficientnet_b4_least_confidence_dual_metric,efficientnet_b4,least_confidence,dual_metric,bkl,Benign Keratosis,class_probability,206,0.10813648293963254,0.9607950422007234,0.9474097526888554,0.9729413426404712,0.8286505221358336
efficientnet_b4_least_confidence_dual_metric,efficientnet_b4,least_confidence,dual_metric,df,Dermatofibroma,class_probability,9,0.004724409448818898,0.9953703703703703,0.985163243812533,1.0,0.8290784832451499
efficientnet_b4_least_confidence_dual_metric,efficientnet_b4,least_confidence,dual_metric,mel,Melanoma,class_probability,209,0.10971128608923884,0.9460424753994764,0.9303492154090224,0.9591215315073416,0.7583125158384545
efficientnet_b4_least_confidence_dual_metric,efficientnet_b4,least_confidence,dual_metric,nv,Melanocytic Nevi,class_probability,1327,0.6965879265091863,0.9675960813865863,0.9602056711316791,0.9747979577945071,0.9848972256240831
efficientnet_b4_least_confidence_dual_metric,efficientnet_b4,least_confidence,dual_metric,vasc,Vascular Lesions,class_probability,14,0.007349081364829396,0.998640175266299,0.9955285758110123,1.0,0.9438775510204083
efficientnet_b4_least_confidence_dual_metric,efficientnet_b4,least_confidence,dual_metric,malignant,Malignant (risk head),risk_head,349,0.18320209973753282,0.9500335147796495,0.9368448689639538,0.961014715201684,0.8640254849055505
efficientnet_b4_least_confidence_dual_metric,efficientnet_b4,least_confidence,dual_metric,malignant,Malignant (summed class probs),summed_class_probs,349,0.18320209973753282,0.952077548043989,0.9396456485510313,0.9630662328248443,0.86657814468351
efficientnet_b4_least_confidence_uncertainty_only,efficientnet_b4,least_confidence,uncertainty_only,akiec,Actinic Keratoses,class_probability,51,0.026771653543307086,0.9545339171267212,0.9240605170827386,0.978147655229258,0.6419417830557737
efficientnet_b4_least_confidence_uncertainty_only,efficientnet_b4,least_confidence,uncertainty_only,bcc,Basal Cell Carcinoma,class_probability,89,0.046719160104986876,0.9917772113052516,0.9856514891718415,0.9962765788694609,0.9088698851619971
efficientnet_b4_least_confidence_uncertainty_only,efficientnet_b4,least_confidence,uncertainty_only,bkl,Benign Keratosis,class_probability,206,0.10813648293963254,0.9625507865849129,0.9486538663297901,0.9748988882347784,0.8132438158261209
efficientnet_b4_least_confidence_uncertainty_only,efficientnet_b4,least_confidence,uncertainty_only,df,Dermatofibroma,class_probability,9,0.004724409448818898,0.9603258321612752,0.8661653268318398,1.0,0.8903466148364108
efficientnet_b4_least_confidence_uncertainty_only,efficientnet_b4,least_confidence,uncertainty_only,mel,Melanoma,class_probability,209,0.10971128608923884,0.9327717342240679,0.912845792732727,0.9505234661707255,0.7375341124702283
efficientnet_b4_least_confidence_uncertainty_only,efficientnet_b4,least_confidence,uncertainty_only,nv,Melanocytic Nevi,class_probability,1327,0.6965879265091863,0.9624403198931951,0.954337897777866,0.9698330812045709,0.981485249297712
efficientnet_b4_least_confidence_uncertainty_only,efficientnet_b4,least_confidence,uncertainty_only,vasc,Vascular Lesions,class_probability,14,0.007349081364829396,0.9983379919921432,0.9947709916686173,1.0,0.9410132474042248
efficientnet_b4_least_confidence_uncertainty_only,efficientnet_b4,least_confidence,uncertainty_only,malignant,Malignant (risk head),risk_head,349,0.18320209973753282,0.9348413756528016,0.9177409102654528,0.9492572173068877,0.8317394904166123
efficientnet_b4_least_confidence_uncertainty_only,efficientnet_b4,least_confidence,uncertainty_only,malignant,Malignant (summed class probs),summed_class_probs,349,0.18320209973753282,0.9378890108352178,0.9212607822256065,0.9523139315758038,0.8393621381670275
efficientnet_b4_margin_dual_metric,efficientnet_b4,margin,dual_metric,akiec,Actinic Keratoses,class_probability,51,0.026771653543307086,0.9653742834782241,0.940852070703376,0.9838538140943159,0.6930725424015274
efficientnet_b4_margin_dual_metric,efficientnet_b4,margin,dual_metric,bcc,Basal Cell Carcinoma,class_probability,89,0.046719160104986876,0.9963248032470425,0.9926170540462681,0.9988947133458455,0.9532915832986094
efficientnet_b4_margin_dual_metric,efficientnet_b4,margin,dual_metric,bkl,Benign Keratosis,class_probability,206,0.10813648293963254,0.9647365383406573,0.9520095914337973,0.9750944384396802,0.8146655522534929
efficientnet_b4_margin_dual_metric,efficientnet_b4,margin,dual_metric,df,Dermatofibroma,class_probability,9,0.004724409448818898,0.999648382559775,0.9985935302390999,1.0,0.9555555555555555
efficientnet_b4_margin_dual_metric,efficientnet_b4,margin,dual_metric,mel,Melanoma,class_probability,209,0.10971128608923884,0.9443187460503747,0.9287554620608005,0.9574335097657958,0.7640045718417778
efficientnet_b4_margin_dual_metric,efficientnet_b4,margin,dual_metric,nv,Melanocytic Nevi,class_probability,1327,0.6965879265091863,0.9634253187067637,0.9553343793479336,0.9712062420454642,0.9826138232699608
efficientnet_b4_margin_dual_metric,efficientnet_b4,margin,dual_metric,vasc,Vascular Lesions,class_probability,14,0.007349081364829396,0.9919543703256025,0.9772376255445498,1.0,0.8727111343033132
efficientnet_b4_margin_dual_metric,efficientnet_b4,margin,dual_metric,malignant,Malignant (risk head),risk_head,349,0.18320209973753282,0.9499377582663652,0.9377721131799331,0.9603374107591421,0.8520138651709072
efficientnet_b4_margin_dual_metric,efficientnet_b4,margin,dual_metric,malignant,Malignant (summed class probs),summed_class_probs,349,0.18320209973753282,0.9506135782735837,0.9379442652728898,0.9612517041951909,0.8586465368477071
efficientnet_b4_margin_uncertainty_only,efficientnet_b4,margin,uncertainty_only,akiec,Actinic Keratoses,class_probability,51,0.026771653543307086,0.9531378894599911,0.9208591209277625,0.9779575057740627,0.6615315178292648
efficientnet_b4_margin_uncertainty_only,efficientnet_b4,margin,uncertainty_only,bcc,Basal Cell Carcinoma,class_probability,89,0.046719160104986876,0.9957308320546453,0.9926817441590191,0.9980338662854191,0.9396552052652157
efficientnet_b4_margin_uncertainty_only,efficientnet_b4,margin,uncertainty_only,bkl,Benign Keratosis,class_probability,206,0.10813648293963254,0.9637165208546432,0.9508290965404448,0.974582683836833,0.8135182739820204
efficientnet_b4_margin_uncertainty_only,efficientnet_b4,margin,uncertainty_only,df,Dermatofibroma,class_probability,9,0.004724409448818898,0.998652133145804,0.9958749496951327,1.0,0.8707264957264957
efficientnet_b4_margin_uncertainty_only,efficientnet_b4,margin,uncertainty_only,mel,Melanoma,class_probability,209,0.10971128608923884,0.9373786900785411,0.9194937638017192,0.9535043737216492,0.7601866878343492
efficientnet_b4_margin_uncertainty_only,efficientnet_b4,margin,uncertainty_only,nv,Melanocytic Nevi,class_probability,1327,0.6965879265091863,0.9655035293074631,0.9572515792366704,0.9730977836704408,0.9833594364216489
efficientnet_b4_margin_uncertainty_only,efficientnet_b4,margin,uncertainty_only,vasc,Vascular Lesions,class_probability,14,0.007349081364829396,0.9995089521794969,0.9983175034108202,1.0,0.9590476190476189
efficientnet_b4_margin_uncertainty_only,efficientnet_b4,margin,uncertainty_only,malignant,Malignant (risk head),risk_head,349,0.18320209973753282,0.9459684666435869,0.9316226102944436,0.957949792348491,0.8499935938446781
efficientnet_b4_margin_uncertainty_only,efficientnet_b4,margin,uncertainty_only,malignant,Malignant (summed class probs),summed_class_probs,349,0.18320209973753282,0.9465604997016817,0.9322710356277905,0.9588379601945977,0.8565252521114891
efficientnet_b4_mc_dropout_dual_metric,efficientnet_b4,mc_dropout,dual_metric,akiec,Actinic Keratoses,class_probability,51,0.026771653543307086,0.9581508978996129,0.9277641447036284,0.980933586830622,0.6629214128728814
efficientnet_b4_mc_dropout_dual_metric,efficientnet_b4,mc_dropout,dual_metric,bcc,Basal Cell Carcinoma,class_probability,89,0.046719160104986876,0.9948831856654953,0.9883914367834709,0.9987111230368209,0.9484596727633495
efficientnet_b4_mc_dropout_dual_metric,efficientnet_b4,mc_dropout,dual_metric,bkl,Benign Keratosis,class_probability,206,0.10813648293963254,0.9642851020303205,0.9523088518303046,0.9747786764114924,0.8118875702109547
efficientnet_b4_mc_dropout_dual_metric,efficientnet_b4,mc_dropout,dual_metric,df,Dermatofibroma,class_probability,9,0.004724409448818898,0.9995311767463666,0.9985935302390999,1.0,0.9051066217732884
efficientnet_b4_mc_dropout_dual_metric,efficientnet_b4,mc_dropout,dual_metric,mel,Melanoma,class_probability,209,0.10971128608923884,0.9511657037103909,0.9375902854806186,0.9635932957524574,0.7934882471770287
efficientnet_b4_mc_dropout_dual_metric,efficientnet_b4,mc_dropout,dual_metric,nv,Melanocytic Nevi,class_probability,1327,0.6965879265091863,0.9716964404450552,0.9645017551926293,0.9780593099960678,0.9872196199255233
efficientnet_b4_mc_dropout_dual_metric,efficientnet_b4,mc_dropout,dual_metric,vasc,Vascular Lesions,class_probability,14,0.007349081364829396,0.9998866812721916,0.9995366884556759,1.0,0.9859693877551021
efficientnet_b4_mc_dropout_dual_metric,efficientnet_b4,mc_dropout,dual_metric,malignant,Malignant (risk head),risk_head,349,0.18320209973753282,0.9538085311687451,0.9425340041962967,0.964222979463696,0.8716350836929264
efficientnet_b4_mc_dropout_dual_metric,efficientnet_b4,mc_dropout,dual_metric,malignant,Malignant (summed class probs),summed_class_probs,349,0.18320209973753282,0.9544143752624097,0.9422166085164404,0.9651659968584142,0.8729634106935753
efficientnet_b4_mc_dropout_uncertainty_only,efficientnet_b4,mc_dropout,uncertainty_only,akiec,Actinic Keratoses,class_probability,51,0.026771653543307086,0.9527148507731033,0.9214338120651125,0.9784668982621427,0.6600349244496466
efficientnet_b4_mc_dropout_uncertainty_only,efficientnet_b4,mc_dropout,uncertainty_only,bcc,Basal Cell Carcinoma,class_probability,89,0.046719160104986876,0.9954709696579715,0.9912734866280266,0.9984888231336333,0.9431752988856289
efficientnet_b4_mc_dropout_uncertainty_only,efficientnet_b4,mc_dropout,uncertainty_only,bkl,Benign Keratosis,class_probability,206,0.10813648293963254,0.9647365383406573,0.953159350978597,0.9747454395713829,0.7762617415185058
efficientnet_b4_mc_dropout_uncertainty_only,efficientnet_b4,mc_dropout,uncertainty_only,df,Dermatofibroma,class_probability,9,0.004724409448818898,0.9998241912798875,0.9992941698881509,1.0,0.9626543209876544
efficientnet_b4_mc_dropout_uncertainty_only,efficientnet_b4,mc_dropout,uncertainty_only,mel,Melanoma,class_probability,209,0.10971128608923884,0.9446798546537871,0.9293108475330424,0.9586010258241089,0.7500275301973945
efficientnet_b4_mc_dropout_uncertainty_only,efficientnet_b4,mc_dropout,uncertainty_only,nv,Melanocytic Nevi,class_probability,1327,0.6965879265091863,0.9653353428786737,0.9578026034267453,0.9725806920638428,0.9850074798543531
efficientnet_b4_mc_dropout_uncertainty_only,efficientnet_b4,mc_dropout,uncertainty_only,vasc,Vascular Lesions,class_probability,14,0.007349081364829396,0.9993956334516885,0.9983798604187437,1.0,0.9393621084797555
efficientnet_b4_mc_dropout_uncertainty_only,efficientnet_b4,mc_dropout,uncertainty_only,malignant,Malignant (risk head),risk_head,349,0.18320209973753282,0.9497757087823454,0.9375886985018254,0.960119555351137,0.8507772588668675
efficientnet_b4_mc_dropout_uncertainty_only,efficientnet_b4,mc_dropout,uncertainty_only,malignant,Malignant (summed class probs),summed_class_probs,349,0.18320209973753282,0.9506098953307651,0.9385779462181465,0.9613271021260739,0.8531233046078587
resnet50_entropy_dual_metric,resnet50,entropy,dual_metric,akiec,Actinic Keratoses,class_probability,51,0.026771653543307086,0.9783615711656831,0.9647194152936055,0.988953751084669,0.7448563365723632
resnet50_entropy_dual_metric,resnet50,entropy,dual_metric,bcc,Basal Cell Carcinoma,class_probability,89,0.046719160104986876,0.996120625649656,0.9936075935002259,0.9981496251018538,0.9405018200525469
resnet50_entropy_dual_metric,resnet50,entropy,dual_metric,bkl,Benign Keratosis,class_probability,206,0.10813648293963254,0.9677023034680594,0.9528749952209421,0.980043222637739,0.8638097679281788
resnet50_entropy_dual_metric,resnet50,entropy,dual_metric,df,Dermatofibroma,class_probability,9,0.004724409448818898,0.9919714017815283,0.9729236467279647,1.0,0.895738203957382
resnet50_entropy_dual_metric,resnet50,entropy,dual_metric,mel,Melanoma,class_probability,209,0.10971128608923884,0.9430703823237339,0.9249637170436703,0.9591016514606203,0.7933707639878746
resnet50_entropy_dual_metric,resnet50,entropy,dual_metric,nv,Melanocytic Nevi,class_probability,1327,0.6965879265091863,0.9703535565562721,0.9620996390546888,0.9774969611575897,0.9845342265063398
resnet50_entropy_dual_metric,resnet50,entropy,dual_metric,vasc,Vascular Lesions,class_probability,14,0.007349081364829396,0.9925209639646445,0.9761245912094269,1.0,0.9021613210637602
resnet50_entropy_dual_metric,resnet50,entropy,dual_metric,malignant,Malignant (risk head),risk_head,349,0.18320209973753282,0.9545432782610617,0.9425138240585641,0.9652751884853419,0.8754821740763892
resnet50_entropy_dual_metric,resnet50,entropy,dual_metric,malignant,Malignant (summed class probs),summed_class_probs,349,0.18320209973753282,0.9546942789166255,0.9426206611366947,0.96554300255457,0.8763726450005926
resnet50_entropy_uncertainty_only,resnet50,entropy,uncertainty_only,akiec,Actinic Keratoses,class_probability,51,0.026771653543307086,0.9667703111449542,0.9396188815391592,0.9870418811823728,0.7157194892818171
resnet50_entropy_uncertainty_only,resnet50,entropy,uncertainty_only,bcc,Basal Cell Carcinoma,class_probability,89,0.046719160104986876,0.9931445824877494,0.9866063567159987,0.9978119729479346,0.9375693744421801
resnet50_entropy_uncertainty_only,resnet50,entropy,uncertainty_only,bkl,Benign Keratosis,class_probability,206,0.10813648293963254,0.9703852066035418,0.9600643029648671,0.9798498064732994,0.8270075879980207
resnet50_entropy_uncertainty_only,resnet50,entropy,uncertainty_only,df,Dermatofibroma,class_probability,9,0.004724409448818898,0.9888654477262072,0.9624178879858908,1.0,0.8717428087986464
resnet50_entropy_uncertainty_only,resnet50,entropy,uncertainty_only,mel,Melanoma,class_probability,209,0.10971128608923884,0.9358693689627156,0.9140982650010384,0.9545127767309013,0.7812679403942459
resnet50_entropy_uncertainty_only,resnet50,entropy,uncertainty_only,nv,Melanocytic Nevi,class_probability,1327,0.6965879265091863,0.9723841795240193,0.9647701771249808,0.9792025281806803,0.9852380516641792
resnet50_entropy_uncertainty_only,resnet50,entropy,uncertainty_only,vasc,Vascular Lesions,class_probability,14,0.007349081364829396,0.9998866812721916,0.9995199089709426,1.0,0.9859693877551021
resnet50_entropy_uncertainty_only,resnet50,entropy,uncertainty_only,malignant,Malignant (risk head),risk_head,349,0.18320209973753282,0.9467188662428827,0.9315278109589873,0.9600621955778185,0.8689983224565979
resnet50_entropy_uncertainty_only,resnet50,entropy,uncertainty_only,malignant,Malignant (summed class probs),summed_class_probs,349,0.18320209973753282,0.94591966765124,0.9303828869738163,0.9594140148130754,0.8691089888236336
resnet50_least_confidence_dual_metric,resnet50,least_confidence,dual_metric,akiec,Actinic Keratoses,class_probability,51,0.026771653543307086,0.947088436237494,0.9070869397583825,0.980665757852687,0.7515154708863302
resnet50_least_confidence_dual_metric,resnet50,least_confidence,dual_metric,bcc,Basal Cell Carcinoma,class_probability,89,0.046719160104986876,0.9965475424441914,0.9935343104298846,0.9986432306079386,0.9491592518994892
resnet50_least_confidence_dual_metric,resnet50,least_confidence,dual_metric,bkl,Benign Keratosis,class_probability,206,0.10813648293963254,0.9677494471333794,0.9550516201680133,0.9778170271319894,0.841537566545047
resnet50_least_confidence_dual_metric,resnet50,least_confidence,dual_metric,df,Dermatofibroma,class_probability,9,0.004724409448818898,0.9994139709329583,0.9978902953586498,1.0,0.9415204678362572
resnet50_least_confidence_dual_metric,resnet50,least_confidence,dual_metric,mel,Melanoma,class_probability,209,0.10971128608923884,0.954977092172971,0.9387625498231527,0.9692640993163546,0.8202163212232892
resnet50_least_confidence_dual_metric,resnet50,least_confidence,dual_metric,nv,Melanocytic Nevi,class_probability,1327,0.6965879265091863,0.9742309708137876,0.9663438124945024,0.9807995644862703,0.9864345196294595
resnet50_least_confidence_dual_metric,resnet50,least_confidence,dual_metric,vasc,Vascular Lesions,class_probability,14,0.007349081364829396,0.9998489083629221,0.9994706193753309,1.0,0.9804748822605965
resnet50_least_confidence_dual_metric,resnet50,least_confidence,dual_metric,malignant,Malignant (risk head),risk_head,349,0.18320209973753282,0.9580936351382209,0.9449071127474601,0.9696110883215968,0.8904841809034982
resnet50_least_confidence_dual_metric,resnet50,least_confidence,dual_metric,malignant,Malignant (summed class probs),summed_class_probs,349,0.18320209973753282,0.9580917936668115,0.944532432974332,0.9699619182947008,0.8958217419308516
resnet50_least_confidence_uncertainty_only,resnet50,least_confidence,uncertainty_only,akiec,Actinic Keratoses,class_probability,51,0.026771653543307086,0.9461789030606849,0.9034818964279039,0.9798497733625006,0.7162652675335561
resnet50_least_confidence_uncertainty_only,resnet50,least_confidence,uncertainty_only,bcc,Basal Cell Carcinoma,class_probability,89,0.046719160104986876,0.9876132257585507,0.9713125640712593,0.9976547026473893,0.9290216368465594
resnet50_least_confidence_uncertainty_only,resnet50,least_confidence,uncertainty_only,bkl,Benign Keratosis,class_probability,206,0.10813648293963254,0.9616379137928078,0.9449780378535902,0.9755060817946574,0.8457878791656742
resnet50_least_confidence_uncertainty_only,resnet50,least_confidence,uncertainty_only,df,Dermatofibroma,class_probability,9,0.004724409448818898,0.9989451476793249,0.9964202056775237,1.0,0.9150047483380817
resnet50_least_confidence_uncertainty_only,resnet50,least_confidence,uncertainty_only,mel,Melanoma,class_probability,209,0.10971128608923884,0.9505126049471878,0.935102649589026,0.9640876278554825,0.7902708016511657
resnet50_least_confidence_uncertainty_only,resnet50,least_confidence,uncertainty_only,nv,Melanocytic Nevi,class_probability,1327,0.6965879265091863,0.9711501604941812,0.9639041466441086,0.9774832282663963,0.9867592942345584
resnet50_least_confidence_uncertainty_only,resnet50,least_confidence,uncertainty_only,vasc,Vascular Lesions,class_probability,14,0.007349081364829396,0.9993578605424189,0.998114013349914,1.0,0.9452380952380953
resnet50_least_confidence_uncertainty_only,resnet50,least_confidence,uncertainty_only,malignant,Malignant (risk head),risk_head,349,0.18320209973753282,0.9528325513218082,0.9393101181151944,0.9646087955035068,0.8707367277586069
resnet50_least_confidence_uncertainty_only,resnet50,least_confidence,uncertainty_only,malignant,Malignant (summed class probs),summed_class_probs,349,0.18320209973753282,0.9542670575496645,0.9413578575835856,0.9653677650798196,0.8737891412693296
resnet50_margin_dual_metric,resnet50,margin,dual_metric,akiec,Actinic Keratoses,class_probability,51,0.026771653543307086,0.9691181758571822,0.9500711647284807,0.9848359132966488,0.7149265988330618
resnet50_margin_dual_metric,resnet50,margin,dual_metric,bcc,Basal Cell Carcinoma,class_probability,89,0.046719160104986876,0.9880556105528882,0.9751970423222744,0.9972226177636839,0.913495224028513
resnet50_margin_dual_metric,resnet50,margin,dual_metric,bkl,Benign Keratosis,class_probability,206,0.10813648293963254,0.9649951142019577,0.9488575627309276,0.9781029493283392,0.867942006598267
resnet50_margin_dual_metric,resnet50,margin,dual_metric,df,Dermatofibroma,class_probability,9,0.004724409448818898,0.9975386779184248,0.9920181056420307,1.0,0.8676146384479717
resnet50_margin_dual_metric,resnet50,margin,dual_metric,mel,Melanoma,class_probability,209,0.10971128608923884,0.939068565496073,0.91853182510142,0.9562324981108158,0.7815935113817836
resnet50_margin_dual_metric,resnet50,margin,dual_metric,nv,Melanocytic Nevi,class_probability,1327,0.6965879265091863,0.9702694633418774,0.9621192444620358,0.9772913710537047,0.9851900259898682
resnet50_margin_dual_metric,resnet50,margin,dual_metric,vasc,Vascular Lesions,class_probability,14,0.007349081364829396,0.9996978167258442,0.9990500691041588,1.0,0.9652396214896215
resnet50_margin_dual_metric,resnet50,margin,dual_metric,malignant,Malignant (risk head),risk_head,349,0.18320209973753282,0.9540930385014842,0.9410648894161464,0.9659133051448578,0.8681856944183921
resnet50_margin_dual_metric,resnet50,margin,dual_metric,malignant,Malignant (summed class probs),summed_class_probs,349,0.18320209973753282,0.9515306310354226,0.9378266547066102,0.963895738152631,0.8639851136327446
resnet50_margin_uncertainty_only,resnet50,margin,uncertainty_only,akiec,Actinic Keratoses,class_probability,51,0.026771653543307086,0.9467817331895002,0.9025487641343177,0.9802021888585298,0.6630502804119178
resnet50_margin_uncertainty_only,resnet50,margin,uncertainty_only,bcc,Basal Cell Carcinoma,class_probability,89,0.046719160104986876,0.9834492402118498,0.961108365274504,0.9965791418757068,0.9069042825838949
resnet50_margin_uncertainty_only,resnet50,margin,uncertainty_only,bkl,Benign Keratosis,class_probability,206,0.10813648293963254,0.9650522580387092,0.9520984563384094,0.9768726739089707,0.8276918669268083
resnet50_margin_uncertainty_only,resnet50,margin,uncertainty_only,df,Dermatofibroma,class_probability,9,0.004724409448818898,0.9991209563994374,0.9968387359998845,1.0,0.9305555555555555
resnet50_margin_uncertainty_only,resnet50,margin,uncertainty_only,mel,Melanoma,class_probability,209,0.10971128608923884,0.9446544642051097,0.9282213873300925,0.9595525785034491,0.7750811939957523
resnet50_margin_uncertainty_only,resnet50,margin,uncertainty_only,nv,Melanocytic Nevi,class_probability,1327,0.6965879265091863,0.9718509372808035,0.9646032894357686,0.9787038580786206,0.9869216628273454
resnet50_margin_uncertainty_only,resnet50,margin,uncertainty_only,vasc,Vascular Lesions,class_probability,14,0.007349081364829396,0.9838709677419355,0.9456158153178154,1.0,0.9028246795649174
resnet50_margin_uncertainty_only,resnet50,margin,uncertainty_only,malignant,Malignant (risk head),risk_head,349,0.18320209973753282,0.95105368994041,0.9378028116590205,0.9636539867764864,0.8677648941989606
resnet50_margin_uncertainty_only,resnet50,margin,uncertainty_only,malignant,Malignant (summed class probs),summed_class_probs,349,0.18320209973753282,0.949287718858877,0.935809248157283,0.9622072663252025,0.8625143428038758
resnet50_mc_dropout_dual_metric,resnet50,mc_dropout,dual_metric,akiec,Actinic Keratoses,class_probability,51,0.026771653543307086,0.9820631596759524,0.970220080727787,0.9918526314597896,0.7761661708269296
resnet50_mc_dropout_dual_metric,resnet50,mc_dropout,dual_metric,bcc,Basal Cell Carcinoma,class_probability,89,0.046719160104986876,0.9921762857001435,0.9848707051966602,0.9977181253317119,0.9200909059135178
resnet50_mc_dropout_dual_metric,resnet50,mc_dropout,dual_metric,bkl,Benign Keratosis,class_probability,206,0.10813648293963254,0.966879432218838,0.9536105839844724,0.9782488718885081,0.8672119662083966
resnet50_mc_dropout_dual_metric,resnet50,mc_dropout,dual_metric,df,Dermatofibroma,class_probability,9,0.004724409448818898,0.9994725738396625,0.9980273540241978,1.0,0.9444444444444444
resnet50_mc_dropout_dual_metric,resnet50,mc_dropout,dual_metric,mel,Melanoma,class_probability,209,0.10971128608923884,0.9516283741085131,0.9366585922641988,0.9654475489753543,0.8137326370860845
resnet50_mc_dropout_dual_metric,resnet50,mc_dropout,dual_metric,nv,Melanocytic Nevi,class_probability,1327,0.6965879265091863,0.9715243427039684,0.964099943003553,0.9781426757319208,0.9865747277080098
resnet50_mc_dropout_dual_metric,resnet50,mc_dropout,dual_metric,vasc,Vascular Lesions,class_probability,14,0.007349081364829396,0.9991689959960716,0.9977424914000257,1.0,0.9315252416756177
resnet50_mc_dropout_dual_metric,resnet50,mc_dropout,dual_metric,malignant,Malignant (risk head),risk_head,349,0.18320209973753282,0.9588965166726822,0.9479057756807131,0.9687538879497298,0.8804930611350738
resnet50_mc_dropout_dual_metric,resnet50,mc_dropout,dual_metric,malignant,Malignant (summed class probs),summed_class_probs,349,0.18320209973753282,0.9588265407591282,0.9478907304166377,0.9686381469168667,0.8797485776033267
resnet50_mc_dropout_uncertainty_only,resnet50,mc_dropout,uncertainty_only,akiec,Actinic Keratoses,class_probability,51,0.026771653543307086,0.9606045222835629,0.9268163796522185,0.9863841288274817,0.7249060410765609
resnet50_mc_dropout_uncertainty_only,resnet50,mc_dropout,uncertainty_only,bcc,Basal Cell Carcinoma,class_probability,89,0.046719160104986876,0.9889991585408108,0.9763375805774168,0.9975048871376153,0.9159953177928213
resnet50_mc_dropout_uncertainty_only,resnet50,mc_dropout,uncertainty_only,bkl,Benign Keratosis,class_probability,206,0.10813648293963254,0.9624464990828414,0.9486746972564601,0.9739248253807021,0.8375324905777077
resnet50_mc_dropout_uncertainty_only,resnet50,mc_dropout,uncertainty_only,df,Dermatofibroma,class_probability,9,0.004724409448818898,0.9998241912798875,0.9991866771433301,1.0,0.9722222222222222
resnet50_mc_dropout_uncertainty_only,resnet50,mc_dropout,uncertainty_only,mel,Melanoma,class_probability,209,0.10971128608923884,0.9531221788390358,0.9389119896783702,0.9658639899631755,0.7961402128483749
resnet50_mc_dropout_uncertainty_only,resnet50,mc_dropout,uncertainty_only,nv,Melanocytic Nevi,class_probability,1327,0.6965879265091863,0.972734893860022,0.9656564061669549,0.978920700678736,0.9873523146826559
resnet50_mc_dropout_uncertainty_only,resnet50,mc_dropout,uncertainty_only,vasc,Vascular Lesions,class_probability,14,0.007349081364829396,0.9730679156908665,0.9071942006222988,1.0,0.9248467982234215
resnet50_mc_dropout_uncertainty_only,resnet50,mc_dropout,uncertainty_only,malignant,Malignant (risk head),risk_head,349,0.18320209973753282,0.9564473596982933,0.9456481327116123,0.9664629122743756,0.8661741090344376
resnet50_mc_dropout_uncertainty_only,resnet50,mc_dropout,uncertainty_only,malignant,Malignant (summed class probs),summed_class_probs,349,0.18320209973753282,0.9560716995307931,0.9447525292762,0.9666579973595038,0.8707365479286139
