experiment_id,risk_threshold,n_escalated,unsafe_auto_accepts,high_risk_caught,high_risk_total,high_risk_catch_rate
densenet169_entropy_dual_metric,0.05,13058,806,5044,5850,0.8622222222222222
densenet169_entropy_dual_metric,0.1,11919,940,4910,5850,0.8393162393162393
densenet169_entropy_dual_metric,0.2,11036,1065,4785,5850,0.8179487179487179
densenet169_entropy_dual_metric,0.3,10535,1161,4689,5850,0.8015384615384615
densenet169_entropy_dual_metric,0.4,10221,1227,4623,5850,0.7902564102564102
densenet169_entropy_dual_metric,0.5,9926,1290,4560,5850,0.7794871794871795
densenet169_entropy_dual_metric,0.6,9598,1380,4470,5850,0.764102564102564
densenet169_entropy_dual_metric,0.7,9192,1513,4337,5850,0.7413675213675214
densenet169_entropy_dual_metric,0.8,8612,1704,4146,5850,0.7087179487179487
densenet169_entropy_dual_metric,0.9,7769,2093,3757,5850,0.6422222222222222
densenet169_entropy_dual_metric,0.95,7079,2507,3343,5850,0.5714529914529914
densenet169_entropy_dual_metric,0.99,5970,3367,2483,5850,0.42444444444444446
densenet169_entropy_dual_metric,0.999,5051,4205,1645,5850,0.2811965811965812
densenet169_entropy_dual_metric,1.01,4344,4881,969,5850,0.16564102564102565
densenet169_entropy_uncertainty_only,0.05,17192,729,8722,9451,0.9228653052587028
densenet169_entropy_uncertainty_only,0.1,16052,859,8592,9451,0.9091101470743836
densenet169_entropy_uncertainty_only,0.2,15099,1002,8449,9451,0.8939794730716326
densenet169_entropy_uncertainty_only,0.3,14581,1089,8362,9451,0.8847740979790498
densenet169_entropy_uncertainty_only,0.4,14225,1155,8296,9451,0.8777907099777801
densenet169_entropy_uncertainty_only,0.5,13920,1229,8222,9451,0.8699608507036293
densenet169_entropy_uncertainty_only,0.6,13555,1315,8136,9451,0.8608612845201566
densenet169_entropy_uncertainty_only,0.7,13112,1468,7983,9451,0.8446725214263041
densenet169_entropy_uncertainty_only,0.8,12489,1688,7763,9451,0.8213945614220718
densenet169_entropy_uncertainty_only,0.9,11515,2139,7312,9451,0.7736747434133954
densenet169_entropy_uncertainty_only,0.95,10705,2615,6836,9451,0.7233097026769654
densenet169_entropy_uncertainty_only,0.99,9191,3748,5703,9451,0.6034282086551688
densenet169_entropy_uncertainty_only,0.999,7400,5412,4039,9451,0.42736218389588404
densenet169_entropy_uncertainty_only,1.01,4484,8275,1176,9451,0.12443127711353295
densenet169_least_confidence_dual_metric,0.05,12621,760,4947,5707,0.8668302085158577
densenet169_least_confidence_dual_metric,0.1,11579,881,4826,5707,0.8456281759243035
densenet169_least_confidence_dual_metric,0.2,10753,999,4708,5707,0.824951813562292
densenet169_least_confidence_dual_metric,0.3,10338,1059,4648,5707,0.8144384089714386
densenet169_least_confidence_dual_metric,0.4,10088,1103,4604,5707,0.8067285789381461
densenet169_least_confidence_dual_metric,0.5,9841,1162,4545,5707,0.7963903977571404
densenet169_least_confidence_dual_metric,0.6,9525,1239,4468,5707,0.7828981951988786
densenet169_least_confidence_dual_metric,0.7,9102,1376,4331,5707,0.7588925880497635
densenet169_least_confidence_dual_metric,0.8,8516,1605,4102,5707,0.7187664271946732
densenet169_least_confidence_dual_metric,0.9,7650,2045,3662,5707,0.6416681268617487
densenet169_least_confidence_dual_metric,0.95,7014,2457,3250,5707,0.5694760820045558
densenet169_least_confidence_dual_metric,0.99,5913,3313,2394,5707,0.4194848431750482
densenet169_least_confidence_dual_metric,0.999,5019,4121,1586,5707,0.27790432801822323
densenet169_least_confidence_dual_metric,1.01,4391,4727,980,5707,0.17171894165060453
densenet169_least_confidence_uncertainty_only,0.05,17357,737,8997,9734,0.9242860078076844
densenet169_least_confidence_uncertainty_only,0.1,16153,865,8869,9734,0.9111362235463324
densenet169_least_confidence_uncertainty_only,0.2,15152,1016,8718,9734,0.8956235874255188
densenet169_least_confidence_uncertainty_only,0.3,14623,1098,8636,9734,0.8871995068830902
densenet169_least_confidence_uncertainty_only,0.4,14346,1140,8594,9734,0.8828847339223341
densenet169_least_confidence_uncertainty_only,0.5,14064,1207,8527,9734,0.8760016437230327
densenet169_least_confidence_uncertainty_only,0.6,13751,1281,8453,9734,0.8683994246969385
densenet169_least_confidence_uncertainty_only,0.7,13326,1422,8312,9734,0.8539141154715431
densenet169_least_confidence_uncertainty_only,0.8,12694,1634,8100,9734,0.8321347852886789
densenet169_least_confidence_uncertainty_only,0.9,11790,2081,7653,9734,0.7862132730634888
densenet169_least_confidence_uncertainty_only,0.95,11013,2558,7176,9734,0.7372097801520444
densenet169_least_confidence_uncertainty_only,0.99,9563,3687,6047,9734,0.6212245736593384
densenet169_least_confidence_uncertainty_only,0.999,7782,5322,4412,9734,0.45325662625847546
densenet169_least_confidence_uncertainty_only,1.01,4454,8606,1128,9734,0.11588247380316416
densenet169_margin_dual_metric,0.05,12996,727,5047,5774,0.8740907516453066
densenet169_margin_dual_metric,0.1,11841,877,4897,5774,0.8481122272254936
densenet169_margin_dual_metric,0.2,10837,1008,4766,5774,0.8254243158988569
densenet169_margin_dual_metric,0.3,10339,1085,4689,5774,0.812088673363353
densenet169_margin_dual_metric,0.4,10071,1135,4639,5774,0.8034291652234153
densenet169_margin_dual_metric,0.5,9861,1188,4586,5774,0.7942500865950815
densenet169_margin_dual_metric,0.6,9588,1261,4513,5774,0.7816072047107724
densenet169_margin_dual_metric,0.7,9161,1398,4376,5774,0.7578801524073433
densenet169_margin_dual_metric,0.8,8601,1606,4168,5774,0.7218565985452027
densenet169_margin_dual_metric,0.9,7768,2018,3756,5774,0.6505022514721164
densenet169_margin_dual_metric,0.95,7126,2423,3351,5774,0.5803602355386214
densenet169_margin_dual_metric,0.99,6046,3259,2515,5774,0.4355732594388639
densenet169_margin_dual_metric,0.999,5065,4147,1627,5774,0.2817803948735712
densenet169_margin_dual_metric,1.01,4389,4801,973,5774,0.1685140284031867
densenet169_margin_uncertainty_only,0.05,17397,715,8963,9678,0.9261210994007026
densenet169_margin_uncertainty_only,0.1,16040,868,8810,9678,0.9103120479437901
densenet169_margin_uncertainty_only,0.2,14950,1019,8659,9678,0.8947096507542881
densenet169_margin_uncertainty_only,0.3,14349,1107,8571,9678,0.8856168629882207
densenet169_margin_uncertainty_only,0.4,14018,1175,8503,9678,0.8785906178962596
densenet169_margin_uncertainty_only,0.5,13801,1230,8448,9678,0.8729076255424675
densenet169_margin_uncertainty_only,0.6,13501,1310,8368,9678,0.8646414548460426
densenet169_margin_uncertainty_only,0.7,13065,1460,8218,9678,0.849142384790246
densenet169_margin_uncertainty_only,0.8,12460,1674,8004,9678,0.8270303781773094
densenet169_margin_uncertainty_only,0.9,11510,2150,7528,9678,0.7778466625335814
densenet169_margin_uncertainty_only,0.95,10789,2601,7077,9678,0.731246125232486
densenet169_margin_uncertainty_only,0.99,9335,3721,5957,9678,0.6155197354825377
densenet169_margin_uncertainty_only,0.999,7554,5342,4336,9678,0.44802645174622857
densenet169_margin_uncertainty_only,1.01,4342,8515,1163,9678,0.12016945649927671
densenet169_mc_dropout_dual_metric,0.05,14151,400,4637,5037,0.9205876513797896
densenet169_mc_dropout_dual_metric,0.1,13148,521,4516,5037,0.8965654159221759
densenet169_mc_dropout_dual_metric,0.2,12254,657,4380,5037,0.8695652173913043
densenet169_mc_dropout_dual_metric,0.3,11637,749,4288,5037,0.8513003772086559
densenet169_mc_dropout_dual_metric,0.4,11186,835,4202,5037,0.8342267222553107
densenet169_mc_dropout_dual_metric,0.5,10763,932,4105,5037,0.8149692277149096
densenet169_mc_dropout_dual_metric,0.6,10330,1036,4001,5037,0.7943220170736549
densenet169_mc_dropout_dual_metric,0.7,9779,1200,3837,5037,0.7617629541393687
densenet169_mc_dropout_dual_metric,0.8,9059,1416,3621,5037,0.7188802858844551
densenet169_mc_dropout_dual_metric,0.9,8073,1855,3182,5037,0.6317252332737741
densenet169_mc_dropout_dual_metric,0.95,7411,2256,2781,5037,0.5521143537820131
densenet169_mc_dropout_dual_metric,0.99,6468,2975,2062,5037,0.40937065713718485
densenet169_mc_dropout_dual_metric,0.999,5788,3599,1438,5037,0.28548739328965655
densenet169_mc_dropout_dual_metric,1.01,5404,3971,1066,5037,0.21163390907286084
densenet169_mc_dropout_uncertainty_only,0.05,17096,419,7524,7943,0.9472491501951403
densenet169_mc_dropout_uncertainty_only,0.1,16114,531,7412,7943,0.9331486843761803
densenet169_mc_dropout_uncertainty_only,0.2,15235,657,7286,7943,0.9172856603298501
densenet169_mc_dropout_uncertainty_only,0.3,14638,742,7201,7943,0.9065844139493894
densenet169_mc_dropout_uncertainty_only,0.4,14201,831,7112,7943,0.8953795795039657
densenet169_mc_dropout_uncertainty_only,0.5,13781,923,7020,7943,0.88379705400982
densenet169_mc_dropout_uncertainty_only,0.6,13354,1017,6926,7943,0.8719627344831927
densenet169_mc_dropout_uncertainty_only,0.7,12809,1173,6770,7943,0.8523227999496412
densenet169_mc_dropout_uncertainty_only,0.8,12098,1416,6527,7943,0.8217298250031474
densenet169_mc_dropout_uncertainty_only,0.9,11101,1868,6075,7943,0.7648243736623442
densenet169_mc_dropout_uncertainty_only,0.95,10317,2305,5638,7943,0.7098073775651517
densenet169_mc_dropout_uncertainty_only,0.99,9121,3176,4767,7943,0.6001510764194888
densenet169_mc_dropout_uncertainty_only,0.999,7917,4294,3649,7943,0.4593982122623694
densenet169_mc_dropout_uncertainty_only,1.01,5472,6704,1239,7943,0.15598640312224601
efficientnet_b4_entropy_dual_metric,0.05,24211,904,7644,8548,0.8942442676649509
efficientnet_b4_entropy_dual_metric,0.1,20789,1170,7378,8548,0.8631258773982218
efficientnet_b4_entropy_dual_metric,0.2,17056,1559,6989,8548,0.8176181562938699
efficientnet_b4_entropy_dual_metric,0.3,14580,1937,6611,8548,0.7733972859148339
efficientnet_b4_entropy_dual_metric,0.4,13002,2249,6299,8548,0.736897519887693
efficientnet_b4_entropy_dual_metric,0.5,11967,2512,6036,8548,0.7061300889096864
efficientnet_b4_entropy_dual_metric,0.6,10897,2890,5658,8548,0.6619092185306504
efficientnet_b4_entropy_dual_metric,0.7,9542,3451,5097,8548,0.5962798315395414
efficientnet_b4_entropy_dual_metric,0.8,8006,4239,4309,8548,0.5040945250350959
efficientnet_b4_entropy_dual_metric,0.9,6251,5375,3173,8548,0.3711979410388395
efficientnet_b4_entropy_dual_metric,0.95,5395,6016,2532,8548,0.2962096396817969
efficientnet_b4_entropy_dual_metric,0.99,4390,6884,1664,8548,0.19466541881141788
efficientnet_b4_entropy_dual_metric,0.999,3719,7496,1052,8548,0.12306972391202621
efficientnet_b4_entropy_dual_metric,1.01,3420,7780,768,8548,0.08984557791296209
efficientnet_b4_entropy_uncertainty_only,0.05,31631,923,12295,13218,0.9301709789680739
efficientnet_b4_entropy_uncertainty_only,0.1,27823,1255,11963,13218,0.905053714631563
efficientnet_b4_entropy_uncertainty_only,0.2,23678,1765,11453,13218,0.8664699651989711
efficientnet_b4_entropy_uncertainty_only,0.3,21042,2150,11068,13218,0.8373430170978968
efficientnet_b4_entropy_uncertainty_only,0.4,19299,2434,10784,13218,0.8158571644726887
efficientnet_b4_entropy_uncertainty_only,0.5,18058,2760,10458,13218,0.7911938266000907
efficientnet_b4_entropy_uncertainty_only,0.6,16829,3150,10068,13218,0.7616886064457558
efficientnet_b4_entropy_uncertainty_only,0.7,15205,3734,9484,13218,0.7175064306249054
efficientnet_b4_entropy_uncertainty_only,0.8,13211,4622,8596,13218,0.6503253139658042
efficientnet_b4_entropy_uncertainty_only,0.9,10573,6204,7014,13218,0.5306400363141172
efficientnet_b4_entropy_uncertainty_only,0.95,8846,7433,5785,13218,0.4376607656226358
efficientnet_b4_entropy_uncertainty_only,0.99,6393,9457,3761,13218,0.2845362384627024
efficientnet_b4_entropy_uncertainty_only,0.999,4744,10978,2240,13218,0.1694658798607959
efficientnet_b4_entropy_uncertainty_only,1.01,3356,12346,872,13218,0.06597064608866697
efficientnet_b4_least_confidence_dual_metric,0.05,25927,898,8194,9092,0.9012318521777387
efficientnet_b4_least_confidence_dual_metric,0.1,22237,1192,7900,9092,0.8688957325120985
efficientnet_b4_least_confidence_dual_metric,0.2,18057,1660,7432,9092,0.8174219093708754
efficientnet_b4_least_confidence_dual_metric,0.3,15425,2076,7016,9092,0.7716673999120106
efficientnet_b4_least_confidence_dual_metric,0.4,13624,2454,6638,9092,0.7300923889133304
efficientnet_b4_least_confidence_dual_metric,0.5,12365,2827,6265,9092,0.6890673119225693
efficientnet_b4_least_confidence_dual_metric,0.6,11225,3211,5881,9092,0.6468323801143863
efficientnet_b4_least_confidence_dual_metric,0.7,9810,3771,5321,9092,0.5852397712274527
efficientnet_b4_least_confidence_dual_metric,0.8,8161,4608,4484,9092,0.49318081830180377
efficientnet_b4_least_confidence_dual_metric,0.9,6405,5738,3354,9092,0.36889573251209856
efficientnet_b4_least_confidence_dual_metric,0.95,5549,6382,2710,9092,0.2980642322921249
efficientnet_b4_least_confidence_dual_metric,0.99,4424,7341,1751,9092,0.1925868895732512
efficientnet_b4_least_confidence_dual_metric,0.999,3641,8045,1047,9092,0.11515618125824902
efficientnet_b4_least_confidence_dual_metric,1.01,3326,8346,746,9092,0.08205015398152221
efficientnet_b4_least_confidence_uncertainty_only,0.05,31717,968,12338,13306,0.9272508642717571
efficientnet_b4_least_confidence_uncertainty_only,0.1,28058,1272,12034,13306,0.9044040282579288
efficientnet_b4_least_confidence_uncertainty_only,0.2,23970,1740,11566,13306,0.8692319254471667
efficientnet_b4_least_confidence_uncertainty_only,0.3,21277,2135,11171,13306,0.8395460694423569
efficientnet_b4_least_confidence_uncertainty_only,0.4,19502,2430,10876,13306,0.8173756200210431
efficientnet_b4_least_confidence_uncertainty_only,0.5,18172,2799,10507,13306,0.7896437697279423
efficientnet_b4_least_confidence_uncertainty_only,0.6,16840,3210,10096,13306,0.7587554486697731
efficientnet_b4_least_confidence_uncertainty_only,0.7,15232,3809,9497,13306,0.713738163234631
efficientnet_b4_least_confidence_uncertainty_only,0.8,13228,4728,8578,13306,0.6446715767323012
efficientnet_b4_least_confidence_uncertainty_only,0.9,10628,6290,7016,13306,0.5272809258980911
efficientnet_b4_least_confidence_uncertainty_only,0.95,9069,7403,5903,13306,0.44363445062377876
efficientnet_b4_least_confidence_uncertainty_only,0.99,6559,9512,3794,13306,0.2851345257778446
efficientnet_b4_least_confidence_uncertainty_only,0.999,4824,11113,2193,13306,0.16481286637607095
efficientnet_b4_least_confidence_uncertainty_only,1.01,3490,12425,881,13306,0.06621073200060124
efficientnet_b4_margin_dual_metric,0.05,24705,764,7629,8393,0.9089717621827713
efficientnet_b4_margin_dual_metric,0.1,21550,966,7427,8393,0.8849040867389492
efficientnet_b4_margin_dual_metric,0.2,17691,1348,7045,8393,0.8393899678303348
efficientnet_b4_margin_dual_metric,0.3,15285,1710,6683,8393,0.7962587870844752
efficientnet_b4_margin_dual_metric,0.4,13637,2020,6373,8393,0.7593232455617777
efficientnet_b4_margin_dual_metric,0.5,12236,2364,6029,8393,0.7183367091623972
efficientnet_b4_margin_dual_metric,0.6,10950,2781,5612,8393,0.6686524484689622
efficientnet_b4_margin_dual_metric,0.7,9587,3361,5032,8393,0.5995472417490766
efficientnet_b4_margin_dual_metric,0.8,8051,4157,4236,8393,0.5047063028714405
efficientnet_b4_margin_dual_metric,0.9,6382,5261,3132,8393,0.37316811628738233
efficientnet_b4_margin_dual_metric,0.95,5578,5895,2498,8393,0.2976289765280591
efficientnet_b4_margin_dual_metric,0.99,4665,6686,1707,8393,0.20338377219111164
efficientnet_b4_margin_dual_metric,0.999,4027,7282,1111,8393,0.13237221494102228
efficientnet_b4_margin_dual_metric,1.01,3743,7561,832,8393,0.09913022757059455
efficientnet_b4_margin_uncertainty_only,0.05,31219,672,11612,12284,0.9452946922826441
efficientnet_b4_margin_uncertainty_only,0.1,27543,920,11364,12284,0.9251058287202866
efficientnet_b4_margin_uncertainty_only,0.2,23325,1345,10939,12284,0.8905079778573755
efficientnet_b4_margin_uncertainty_only,0.3,20706,1723,10561,12284,0.8597362422663627
efficientnet_b4_margin_uncertainty_only,0.4,18920,2011,10273,12284,0.8362911103874959
efficientnet_b4_margin_uncertainty_only,0.5,17463,2351,9933,12284,0.8086128296971671
efficientnet_b4_margin_uncertainty_only,0.6,16027,2783,9501,12284,0.7734451318788668
efficientnet_b4_margin_uncertainty_only,0.7,14415,3396,8888,12284,0.7235428199283621
efficientnet_b4_margin_uncertainty_only,0.8,12534,4285,7999,12284,0.6511722565939433
efficientnet_b4_margin_uncertainty_only,0.9,10137,5769,6515,12284,0.530364702051449
efficientnet_b4_margin_uncertainty_only,0.95,8742,6851,5433,12284,0.442282644089873
efficientnet_b4_margin_uncertainty_only,0.99,6733,8565,3719,12284,0.30275154672745036
efficientnet_b4_margin_uncertainty_only,0.999,5198,10023,2261,12284,0.18406056659068706
efficientnet_b4_margin_uncertainty_only,1.01,3871,11330,954,12284,0.07766199934874633
efficientnet_b4_mc_dropout_dual_metric,0.05,35087,331,9442,9773,0.9661311777345748
efficientnet_b4_mc_dropout_dual_metric,0.1,32086,482,9291,9773,0.9506804461270848
efficientnet_b4_mc_dropout_dual_metric,0.2,27997,782,8991,9773,0.9199836283638596
efficientnet_b4_mc_dropout_dual_metric,0.3,24710,1141,8632,9773,0.8832497697738668
efficientnet_b4_mc_dropout_dual_metric,0.4,21876,1512,8261,9773,0.8452880384733449
efficientnet_b4_mc_dropout_dual_metric,0.5,19124,1979,7794,9773,0.797503325488591
efficientnet_b4_mc_dropout_dual_metric,0.6,16347,2621,7152,9773,0.7318121354752891
efficientnet_b4_mc_dropout_dual_metric,0.7,13564,3448,6325,9773,0.6471912411746649
efficientnet_b4_mc_dropout_dual_metric,0.8,10657,4600,5173,9773,0.52931546096388
efficientnet_b4_mc_dropout_dual_metric,0.9,7708,6147,3626,9773,0.3710222040315154
efficientnet_b4_mc_dropout_dual_metric,0.95,6355,7049,2724,9773,0.27872710529008493
efficientnet_b4_mc_dropout_dual_metric,0.99,4970,8171,1602,9773,0.16392100685562264
efficientnet_b4_mc_dropout_dual_metric,0.999,4320,8766,1007,9773,0.1030389849585593
efficientnet_b4_mc_dropout_dual_metric,1.01,4090,8995,778,9773,0.07960708073263072
efficientnet_b4_mc_dropout_uncertainty_only,0.05,43051,323,13572,13895,0.9767542281396185
efficientnet_b4_mc_dropout_uncertainty_only,0.1,39906,485,13410,13895,0.9650953580424613
efficientnet_b4_mc_dropout_uncertainty_only,0.2,35699,775,13120,13895,0.9442245412018712
efficientnet_b4_mc_dropout_uncertainty_only,0.3,32458,1103,12792,13895,0.9206189276718244
efficientnet_b4_mc_dropout_uncertainty_only,0.4,29703,1446,12449,13895,0.8959337891327815
efficientnet_b4_mc_dropout_uncertainty_only,0.5,27081,1832,12063,13895,0.8681540122346167
efficientnet_b4_mc_dropout_uncertainty_only,0.6,24500,2338,11557,13895,0.8317380352644836
efficientnet_b4_mc_dropout_uncertainty_only,0.7,21637,3072,10823,13895,0.7789132781576107
efficientnet_b4_mc_dropout_uncertainty_only,0.8,18174,4140,9755,13895,0.7020510975170925
efficientnet_b4_mc_dropout_uncertainty_only,0.9,13562,6109,7786,13895,0.5603454480028788
efficientnet_b4_mc_dropout_uncertainty_only,0.95,10596,7728,6167,13895,0.44382871536523927
efficientnet_b4_mc_dropout_uncertainty_only,0.99,6998,10264,3631,13895,0.26131702051097516
efficientnet_b4_mc_dropout_uncertainty_only,0.999,5216,11898,1997,13895,0.14372076286433969
efficientnet_b4_mc_dropout_uncertainty_only,1.01,4180,12922,973,13895,0.07002518891687658
resnet50_entropy_dual_metric,0.05,12842,1215,5075,6290,0.8068362480127186
resnet50_entropy_dual_metric,0.1,11736,1382,4908,6290,0.7802861685214626
resnet50_entropy_dual_metric,0.2,10738,1557,4733,6290,0.7524642289348171
resnet50_entropy_dual_metric,0.3,10163,1692,4598,6290,0.7310015898251192
resnet50_entropy_dual_metric,0.4,9780,1791,4499,6290,0.7152623211446741
resnet50_entropy_dual_metric,0.5,9424,1903,4387,6290,0.697456279809221
resnet50_entropy_dual_metric,0.6,9052,2037,4253,6290,0.6761526232114468
resnet50_entropy_dual_metric,0.7,8591,2208,4082,6290,0.648966613672496
resnet50_entropy_dual_metric,0.8,7953,2482,3808,6290,0.6054054054054054
resnet50_entropy_dual_metric,0.9,7188,2918,3372,6290,0.5360890302066773
resnet50_entropy_dual_metric,0.95,6568,3317,2973,6290,0.47265500794912557
resnet50_entropy_dual_metric,0.99,5720,3960,2330,6290,0.37042925278219396
resnet50_entropy_dual_metric,0.999,4967,4627,1663,6290,0.2643879173290938
resnet50_entropy_dual_metric,1.01,4242,5329,961,6290,0.15278219395866455
resnet50_entropy_uncertainty_only,0.05,18495,1170,9264,10434,0.8878665899942496
resnet50_entropy_uncertainty_only,0.1,17080,1370,9064,10434,0.8686984857197623
resnet50_entropy_uncertainty_only,0.2,15824,1566,8868,10434,0.8499137435307648
resnet50_entropy_uncertainty_only,0.3,15086,1718,8716,10434,0.8353459842821545
resnet50_entropy_uncertainty_only,0.4,14585,1840,8594,10434,0.8236534406747172
resnet50_entropy_uncertainty_only,0.5,14121,1967,8467,10434,0.8114816944604178
resnet50_entropy_uncertainty_only,0.6,13686,2111,8323,10434,0.7976806593827871
resnet50_entropy_uncertainty_only,0.7,13154,2308,8126,10434,0.7788000766724171
resnet50_entropy_uncertainty_only,0.8,12425,2620,7814,10434,0.748897834004217
resnet50_entropy_uncertainty_only,0.9,11465,3130,7304,10434,0.7000191681042744
resnet50_entropy_uncertainty_only,0.95,10646,3621,6813,10434,0.6529614721104082
resnet50_entropy_uncertainty_only,0.99,9300,4600,5834,10434,0.5591336016867932
resnet50_entropy_uncertainty_only,0.999,7673,6021,4413,10434,0.42294422081656124
resnet50_entropy_uncertainty_only,1.01,4284,9327,1107,10434,0.10609545715928695
resnet50_least_confidence_dual_metric,0.05,12981,1096,5177,6273,0.82528295871194
resnet50_least_confidence_dual_metric,0.1,11710,1269,5004,6273,0.7977044476327116
resnet50_least_confidence_dual_metric,0.2,10498,1465,4808,6273,0.7664594293001754
resnet50_least_confidence_dual_metric,0.3,9866,1612,4661,6273,0.7430256655507732
resnet50_least_confidence_dual_metric,0.4,9517,1694,4579,6273,0.7299537701259365
resnet50_least_confidence_dual_metric,0.5,9242,1772,4501,6273,0.7175195281364578
resnet50_least_confidence_dual_metric,0.6,8911,1898,4375,6273,0.6974334449226846
resnet50_least_confidence_dual_metric,0.7,8483,2076,4197,6273,0.6690578670492587
resnet50_least_confidence_dual_metric,0.8,7857,2369,3904,6273,0.6223497529092938
resnet50_least_confidence_dual_metric,0.9,7043,2843,3430,6273,0.5467878208193847
resnet50_least_confidence_dual_metric,0.95,6470,3245,3028,6273,0.4827036505659174
resnet50_least_confidence_dual_metric,0.99,5692,3883,2390,6273,0.3809979276263351
resnet50_least_confidence_dual_metric,0.999,4979,4521,1752,6273,0.27929220468675275
resnet50_least_confidence_dual_metric,1.01,4180,5297,976,6273,0.15558743822732346
resnet50_least_confidence_uncertainty_only,0.05,17023,1031,8740,9771,0.894483676184628
resnet50_least_confidence_uncertainty_only,0.1,15734,1209,8562,9771,0.8762665029167946
resnet50_least_confidence_uncertainty_only,0.2,14592,1388,8383,9771,0.8579469859789172
resnet50_least_confidence_uncertainty_only,0.3,13998,1519,8252,9771,0.8445399652031522
resnet50_least_confidence_uncertainty_only,0.4,13623,1622,8149,9771,0.8339985671886194
resnet50_least_confidence_uncertainty_only,0.5,13323,1707,8064,9771,0.8252993552348787
resnet50_least_confidence_uncertainty_only,0.6,12979,1824,7947,9771,0.8133251458397298
resnet50_least_confidence_uncertainty_only,0.7,12519,1986,7785,9771,0.7967454712926005
resnet50_least_confidence_uncertainty_only,0.8,11876,2276,7495,9771,0.7670658069798383
resnet50_least_confidence_uncertainty_only,0.9,10967,2791,6980,9771,0.7143588169071743
resnet50_least_confidence_uncertainty_only,0.95,10266,3257,6514,9771,0.6666666666666666
resnet50_least_confidence_uncertainty_only,0.99,9025,4192,5579,9771,0.5709753351755193
resnet50_least_confidence_uncertainty_only,0.999,7525,5510,4261,9771,0.43608637805751715
resnet50_least_confidence_uncertainty_only,1.01,4318,8645,1126,9771,0.11523897246955275
resnet50_margin_dual_metric,0.05,12902,965,5066,6031,0.8399933676007295
resnet50_margin_dual_metric,0.1,11764,1118,4913,6031,0.8146244403913115
resnet50_margin_dual_metric,0.2,10677,1287,4744,6031,0.7866025534737191
resnet50_margin_dual_metric,0.3,10076,1421,4610,6031,0.7643840159177583
resnet50_margin_dual_metric,0.4,9703,1505,4526,6031,0.7504559774498425
resnet50_margin_dual_metric,0.5,9381,1600,4431,6031,0.7347040291825568
resnet50_margin_dual_metric,0.6,8978,1742,4289,6031,0.7111590117725087
resnet50_margin_dual_metric,0.7,8447,1958,4073,6031,0.6753440557121538
resnet50_margin_dual_metric,0.8,7829,2226,3805,6031,0.6309069806002321
resnet50_margin_dual_metric,0.9,7098,2683,3348,6031,0.5551318189354999
resnet50_margin_dual_metric,0.95,6566,3034,2997,6031,0.49693251533742333
resnet50_margin_dual_metric,0.99,5729,3674,2357,6031,0.39081412701044604
resnet50_margin_dual_metric,0.999,5000,4332,1699,6031,0.2817111590117725
resnet50_margin_dual_metric,1.01,4256,5064,967,6031,0.16033825236279223
resnet50_margin_uncertainty_only,0.05,16499,693,8236,8929,0.9223877253891813
resnet50_margin_uncertainty_only,0.1,15332,843,8086,8929,0.9055885317504759
resnet50_margin_uncertainty_only,0.2,14195,1031,7898,8929,0.8845335423899653
resnet50_margin_uncertainty_only,0.3,13543,1154,7775,8929,0.8707582036062269
resnet50_margin_uncertainty_only,0.4,13145,1242,7687,8929,0.8609026766715198
resnet50_margin_uncertainty_only,0.5,12833,1332,7597,8929,0.8508231604882965
resnet50_margin_uncertainty_only,0.6,12486,1455,7474,8929,0.8370478217045582
resnet50_margin_uncertainty_only,0.7,11963,1647,7282,8929,0.8155448538470154
resnet50_margin_uncertainty_only,0.8,11337,1916,7013,8929,0.7854182999216037
resnet50_margin_uncertainty_only,0.9,10513,2419,6510,8929,0.7290850039198119
resnet50_margin_uncertainty_only,0.95,9854,2860,6069,8929,0.6796953746220181
resnet50_margin_uncertainty_only,0.99,8741,3745,5184,8929,0.5805801321536567
resnet50_margin_uncertainty_only,0.999,7426,4923,4006,8929,0.44865046477769066
resnet50_margin_uncertainty_only,1.01,4536,7772,1157,8929,0.1295777802665472
resnet50_mc_dropout_dual_metric,0.05,14315,361,4632,4993,0.9276987782896055
resnet50_mc_dropout_dual_metric,0.1,13558,448,4545,4993,0.9102743841377929
resnet50_mc_dropout_dual_metric,0.2,12646,588,4405,4993,0.8822351291808532
resnet50_mc_dropout_dual_metric,0.3,12065,690,4303,4993,0.8618065291407971
resnet50_mc_dropout_dual_metric,0.4,11629,779,4214,4993,0.8439815742038854
resnet50_mc_dropout_dual_metric,0.5,11146,890,4103,4993,0.8217504506308833
resnet50_mc_dropout_dual_metric,0.6,10595,1041,3952,4993,0.7915081113558983
resnet50_mc_dropout_dual_metric,0.7,10018,1230,3763,4993,0.7536551171640297
resnet50_mc_dropout_dual_metric,0.8,9336,1496,3497,4993,0.7003805327458442
resnet50_mc_dropout_dual_metric,0.9,8403,1954,3039,4993,0.6086521129581414
resnet50_mc_dropout_dual_metric,0.95,7738,2357,2636,4993,0.5279391147606649
resnet50_mc_dropout_dual_metric,0.99,6787,3061,1932,4993,0.3869417184057681
resnet50_mc_dropout_dual_metric,0.999,6193,3589,1404,4993,0.2811936711395954
resnet50_mc_dropout_dual_metric,1.01,5748,4022,971,4993,0.19447226116563188
resnet50_mc_dropout_uncertainty_only,0.05,18150,429,8358,8787,0.9511778764083305
resnet50_mc_dropout_uncertainty_only,0.1,17302,535,8252,8787,0.9391146011152839
resnet50_mc_dropout_uncertainty_only,0.2,16389,686,8101,8787,0.9219301240468875
resnet50_mc_dropout_uncertainty_only,0.3,15790,806,7981,8787,0.9082735859792875
resnet50_mc_dropout_uncertainty_only,0.4,15323,905,7882,8787,0.8970069420735177
resnet50_mc_dropout_uncertainty_only,0.5,14815,1027,7760,8787,0.8831227950381245
resnet50_mc_dropout_uncertainty_only,0.6,14269,1178,7609,8787,0.865938317969728
resnet50_mc_dropout_uncertainty_only,0.7,13679,1364,7423,8787,0.8447706839649483
resnet50_mc_dropout_uncertainty_only,0.8,12991,1634,7153,8787,0.8140434733128485
resnet50_mc_dropout_uncertainty_only,0.9,12027,2125,6662,8787,0.7581654717195857
resnet50_mc_dropout_uncertainty_only,0.95,11276,2583,6204,8787,0.706043018094913
resnet50_mc_dropout_uncertainty_only,0.99,9984,3573,5214,8787,0.5933765790372141
resnet50_mc_dropout_uncertainty_only,0.999,8620,4811,3976,8787,0.45248662797314215
resnet50_mc_dropout_uncertainty_only,1.01,5808,7546,1241,8787,0.14123136451576193
