experiment_id,model,method,policy,round,labeled_count,unlabeled_count,train_seconds,query_seconds,test_eval_seconds,modelled_total_seconds,logged_round_seconds,train_share,query_share,eval_share
densenet169_entropy_dual_metric,densenet169,entropy,dual_metric,1,1779,6331,9298.265397077928,921.7540298144447,277.35347635942105,10497.372903251795,220.49393439292908,0.8857707049920637,0.08780806762889322,0.02642122737904306
densenet169_entropy_dual_metric,densenet169,entropy,dual_metric,2,2288,5822,11958.645996916413,847.6475104092241,277.35347635942105,13083.64698368506,443.9040057659149,0.9140147247803697,0.06478679159306398,0.021198483626566282
densenet169_entropy_dual_metric,densenet169,entropy,dual_metric,3,2790,5320,14582.439830155941,774.5601376362953,277.35347635942105,15634.353444151659,547.4673686027527,0.9327178052003675,0.04954219184075277,0.017740002958879675
densenet169_entropy_dual_metric,densenet169,entropy,dual_metric,4,3248,4862,16976.259701916308,707.8788294092009,277.35347635942105,17961.49200768493,657.542462348938,0.9451475241952569,0.039410914700534386,0.01544156110420859
densenet169_entropy_dual_metric,densenet169,entropy,dual_metric,5,3613,4497,18883.99824600481,654.7376121539837,277.35347635942105,19816.089334518212,760.3972411155701,0.952962914489401,0.03304070753322037,0.01399637797737877
densenet169_entropy_dual_metric,densenet169,entropy,dual_metric,6,3833,4277,20033.86805340062,622.7072894248117,277.35347635942105,20933.928819184854,821.8737361431122,0.9570046896806406,0.029746317320718745,0.013248992998640612
densenet169_entropy_dual_metric,densenet169,entropy,dual_metric,7,4001,4109,20911.9504517756,598.2477702498077,277.35347635942105,21787.55169838483,850.4311442375183,0.9598118568469471,0.0274582375537935,0.012729905599259326
densenet169_entropy_dual_metric,densenet169,entropy,dual_metric,8,4174,3936,21816.16625486412,573.0602891945952,277.35347635942105,22666.58002041814,895.5547828674316,0.9624816022184219,0.025282168226454117,0.012236229555123887
densenet169_entropy_dual_metric,densenet169,entropy,dual_metric,9,4329,3781,22626.301800983896,550.4934709081331,277.35347635942105,23454.14874825145,856.0794620513916,0.9647036029252918,0.02347104884585391,0.01182534822885432
densenet169_entropy_dual_metric,densenet169,entropy,dual_metric,10,4488,3622,23457.344070874504,527.3442831175042,277.35347635942105,24262.04183035143,867.1213283538818,0.9668330569577098,0.021735362868668576,0.011431580173621506
densenet169_entropy_dual_metric,densenet169,entropy,dual_metric,11,4646,3464,24283.159659822402,504.3406877029171,277.35347635942105,25064.85382388474,899.9076683521271,0.9688131369305075,0.02012142944246186,0.011065433627030613
densenet169_entropy_dual_metric,densenet169,entropy,dual_metric,12,4800,3310,25088.06852499947,481.9194617924967,277.35347635942105,25847.341463151388,923.3467478752136,0.970624718242905,0.01864483674189599,0.01073044501519907
densenet169_entropy_dual_metric,densenet169,entropy,dual_metric,13,4954,3156,25892.977390176537,459.4982358820763,277.35347635942105,26629.829102418036,942.6522817611694,0.9723298369881543,0.017255020079732807,0.010415142932112804
densenet169_entropy_dual_metric,densenet169,entropy,dual_metric,14,5110,3000,26708.33961723902,436.78582521957253,277.35347635942105,27422.478918818015,956.0675246715546,0.9739578867507512,0.01592802118702109,0.010114092062227603
densenet169_entropy_dual_metric,densenet169,entropy,dual_metric,15,5263,2847,27508.021801473376,414.51019168519383,277.35347635942105,28199.88546951799,1003.6507182121276,0.9754657277316793,0.014699002665569297,0.009835269602751395
densenet169_entropy_uncertainty_only,densenet169,entropy,uncertainty_only,1,1560,6550,8153.622270624827,953.634904974575,277.35347635942105,9384.610651958825,219.39917469024655,0.8688290407575879,0.10161688538197643,0.02955407386043552
densenet169_entropy_uncertainty_only,densenet169,entropy,uncertainty_only,2,2061,6049,10772.189422921647,880.6931245776879,277.35347635942105,11930.236023858757,397.1386668682098,0.9029317945913908,0.07382025995264706,0.023247945455961976
densenet169_entropy_uncertainty_only,densenet169,entropy,uncertainty_only,3,2466,5644,12888.995204718478,821.7282122808031,277.35347635942105,13988.076893358702,495.1757748126984,0.9214272485761035,0.05874490242979329,0.019827848994103236
densenet169_entropy_uncertainty_only,densenet169,entropy,uncertainty_only,4,2800,5310,14634.706639583024,773.1003586828783,277.35347635942105,15685.160474625325,557.4492194652557,0.933028811739499,0.04928864833315297,0.017682539927347876
densenet169_entropy_uncertainty_only,densenet169,entropy,uncertainty_only,5,3198,4912,16714.9256547809,715.1545930182854,277.35347635942105,17707.433724158604,610.8116030693054,0.9439496380537848,0.040387252278266936,0.015663109667948222
densenet169_entropy_uncertainty_only,densenet169,entropy,uncertainty_only,6,3484,4626,18209.756404395448,673.5151734703618,277.35347635942105,19160.62505422523,683.323588848114,0.9503738188530493,0.03515100220187445,0.014475178945076224
densenet169_entropy_uncertainty_only,densenet169,entropy,uncertainty_only,7,3708,4402,19380.53293556209,640.902481237023,277.35347635942105,20298.788893158533,732.5062985420227,0.954763017516482,0.03157343448470621,0.013663547998811879
densenet169_entropy_uncertainty_only,densenet169,entropy,uncertainty_only,8,3898,4212,20373.602314676653,613.2399297891018,277.35347635942105,21264.195720825177,766.541698217392,0.9581177008601215,0.028839084150665655,0.013043214989212773
densenet169_entropy_uncertainty_only,densenet169,entropy,uncertainty_only,9,4074,4036,21293.4981605933,587.6156716057642,277.35347635942105,22158.467308558484,806.5593984127045,0.9609643963221636,0.026518786855749883,0.01251681682208661
densenet169_entropy_uncertainty_only,densenet169,entropy,uncertainty_only,10,4224,3886,22077.500301999535,565.7768151995106,277.35347635942105,22920.630593558468,849.8974561691284,0.9632152227174813,0.024684173190178915,0.012100604092339741
densenet169_entropy_uncertainty_only,densenet169,entropy,uncertainty_only,11,4374,3736,22861.502443405767,543.9379587932569,277.35347635942105,23682.793878558445,919.477341413498,0.9653211762360417,0.022967643158255873,0.011711180605702394
densenet169_entropy_uncertainty_only,densenet169,entropy,uncertainty_only,12,4524,3586,23645.504584812,522.0991023870033,277.35347635942105,24444.957163558425,924.5788352489471,0.9672958077448294,0.021358151658589446,0.011346040596581149
densenet169_entropy_uncertainty_only,densenet169,entropy,uncertainty_only,13,4674,3436,24429.506726218235,500.26024598074974,277.35347635942105,25207.120448558406,964.5607578754424,0.9691510292130713,0.019845989429917592,0.011002981357011086
densenet169_entropy_uncertainty_only,densenet169,entropy,uncertainty_only,14,4824,3286,25213.508867624467,478.4213895744961,277.35347635942105,25969.283733558386,998.5062038898468,0.9708973542093777,0.018422587025619958,0.010680058765002267
densenet169_entropy_uncertainty_only,densenet169,entropy,uncertainty_only,15,4974,3136,25997.5110090307,456.5825331682425,277.35347635942105,26731.447018558363,991.5108857154846,0.9725440972567581,0.017080352322538288,0.010375550420703669
densenet169_least_confidence_dual_metric,densenet169,least_confidence,dual_metric,1,1679,6431,8775.597302807106,936.3132674186138,277.35347635942105,9989.264046585142,215.3583378791809,0.8785028868875548,0.09373195693417426,0.027765156178270724
densenet169_least_confidence_dual_metric,densenet169,least_confidence,dual_metric,2,2384,5726,12460.407367416403,833.6706423092218,277.35347635942105,13571.431486085046,430.26752495765686,0.9181350825218556,0.06142834992491355,0.02043656755323084
densenet169_least_confidence_dual_metric,densenet169,least_confidence,dual_metric,3,2864,5246,14969.21421991635,763.7863018092102,277.35347635942105,16010.353998084982,554.4377839565277,0.9349708458480578,0.04770577227090467,0.01732338188103746
densenet169_least_confidence_dual_metric,densenet169,least_confidence,dual_metric,4,3335,4775,17430.98094393192,695.2122926935738,277.35347635942105,18403.546712984917,635.8127400875092,0.947153351241433,0.037775995221782745,0.01507065353678429
densenet169_least_confidence_dual_metric,densenet169,least_confidence,dual_metric,5,3639,4471,19019.891950515223,650.9522103768998,277.35347635942105,19948.197637251546,717.5397815704346,0.953464182397973,0.03263213159475132,0.013903686007275528
densenet169_least_confidence_dual_metric,densenet169,least_confidence,dual_metric,6,3878,4232,20269.068695822487,616.1556325029356,277.35347635942105,21162.577804684843,767.303998708725,0.9577788151751269,0.02911533926488553,0.013105845559987603
densenet169_least_confidence_dual_metric,densenet169,least_confidence,dual_metric,7,4075,4035,21298.724841536008,587.4739344227226,277.35347635942105,22163.552252318153,818.3820586204529,0.9609797472473444,0.026506307641243603,0.012513945111411994
densenet169_least_confidence_dual_metric,densenet169,least_confidence,dual_metric,8,4229,3881,22103.633706713073,565.0527085123022,277.35347635942105,22946.039891584798,855.1582338809967,0.9632875132767171,0.02462528223528143,0.012087204488001319
densenet169_least_confidence_dual_metric,densenet169,least_confidence,dual_metric,9,4386,3724,22924.222614718266,542.1947054737567,277.35347635942105,23743.770796551446,883.3938341140747,0.9654836551087239,0.022835240034936036,0.011681104856340004
densenet169_least_confidence_dual_metric,densenet169,least_confidence,dual_metric,10,4542,3568,23739.584841780747,519.4822948112529,277.35347635942105,24536.42061295142,898.6020250320435,0.9675243678065223,0.021171885785860996,0.011303746407616663
densenet169_least_confidence_dual_metric,densenet169,least_confidence,dual_metric,11,4699,3411,24560.17374978594,496.62429177270747,277.35347635942105,25334.151517918068,922.131936788559,0.9694492326855818,0.01960295735270472,0.010947809961713439
densenet169_least_confidence_dual_metric,densenet169,least_confidence,dual_metric,12,4851,3259,25354.62925307759,474.49425061437046,277.35347635942105,26106.476980051382,945.4928522109984,0.9712007205128329,0.018175345948706272,0.010623933538460736
densenet169_least_confidence_dual_metric,densenet169,least_confidence,dual_metric,13,5008,3102,26175.21816108278,451.636247575825,277.35347635942105,26904.207885018026,978.043559551239,0.9729042487684169,0.016786825670765233,0.010308925560817908
densenet169_least_confidence_dual_metric,densenet169,least_confidence,dual_metric,14,5159,2951,26964.44698343172,429.6517987935297,277.35347635942105,27671.45225858467,1001.420793056488,0.9744500119275954,0.01552689735177294,0.010023090720631626
densenet169_least_confidence_dual_metric,densenet169,least_confidence,dual_metric,15,5312,2798,27764.12916766608,407.376165259151,277.35347635942105,28448.85880928465,1047.0427429676056,0.9759312088330552,0.01431959601578811,0.009749195151156754
densenet169_least_confidence_uncertainty_only,densenet169,least_confidence,uncertainty_only,1,1460,6650,7630.9541763540055,968.194142578744,277.35347635942105,8876.501795292172,212.17120265960693,0.859680350698654,0.10907384067586681,0.031245808625479123
densenet169_least_confidence_uncertainty_only,densenet169,least_confidence,uncertainty_only,2,1971,6139,10301.788138077907,893.79643842144,277.35347635942105,11472.938052858768,376.8444602489472,0.8979206625726495,0.07790475589630927,0.024174581531041347
densenet169_least_confidence_uncertainty_only,densenet169,least_confidence,uncertainty_only,3,2522,5588,13181.689337510137,813.5750392224684,277.35347635942105,14272.617853092028,457.3616626262665,0.9235649320390407,0.057002509812607016,0.019432558148352232
densenet169_least_confidence_uncertainty_only,densenet169,least_confidence,uncertainty_only,4,2910,5200,15209.641543280928,757.0851973182923,277.35347635942105,16244.080216958642,553.5373809337616,0.936319036851482,0.04660683690344644,0.017074126245071545
densenet169_least_confidence_uncertainty_only,densenet169,least_confidence,uncertainty_only,5,3245,4865,16960.579659088184,708.3117513443259,277.35347635942105,17946.24488679193,625.8411991596222,0.9450767982983908,0.03946852145462636,0.015454680246982896
densenet169_least_confidence_uncertainty_only,densenet169,least_confidence,uncertainty_only,6,3503,4607,18309.063342306905,670.7489183255697,277.35347635942105,19257.165736991898,691.7000286579132,0.9507662546174309,0.03483113390030704,0.014402611482261957
densenet169_least_confidence_uncertainty_only,densenet169,least_confidence,uncertainty_only,7,3721,4389,19448.479787817298,639.0097803484811,277.35347635942105,20364.8430445252,733.8754682540894,0.9550026850339878,0.03137808521044653,0.013619229755565614
densenet169_least_confidence_uncertainty_only,densenet169,least_confidence,uncertainty_only,8,3894,4216,20352.69559090582,613.8222992932685,277.35347635942105,21243.87136655851,760.2389714717865,0.9580502178592762,0.028894088497425658,0.013055693643298128
densenet169_least_confidence_uncertainty_only,densenet169,least_confidence,uncertainty_only,9,4044,4066,21136.69773231205,591.9834428870149,277.35347635942105,22006.03465155849,797.2392666339874,0.9604955216597885,0.026900959316861296,0.012603519023350197
densenet169_least_confidence_uncertainty_only,densenet169,least_confidence,uncertainty_only,10,4194,3916,21920.699873718288,570.1445864807613,277.35347635942105,22768.19793655847,820.6522278785706,0.9627771128307273,0.02504126976010213,0.012181617409170524
densenet169_least_confidence_uncertainty_only,densenet169,least_confidence,uncertainty_only,11,4344,3766,22704.70201512452,548.3057300745077,277.35347635942105,23530.36122155845,854.4831776618958,0.9649108996389965,0.02330205324566592,0.011787047115337549
densenet169_least_confidence_uncertainty_only,densenet169,least_confidence,uncertainty_only,12,4494,3616,23488.70415653075,526.466873668254,277.35347635942105,24292.524506558428,877.3831570148468,0.9669107939024344,0.021671970466721972,0.011417235630843634
densenet169_least_confidence_uncertainty_only,densenet169,least_confidence,uncertainty_only,13,4644,3466,24272.706297936988,504.62801726200047,277.35347635942105,25054.68779155841,887.8075180053711,0.9687890146495902,0.020141061882719732,0.011069923467690099
densenet169_least_confidence_uncertainty_only,densenet169,least_confidence,uncertainty_only,14,4794,3316,25056.70843934322,482.78916085574684,277.35347635942105,25816.85107655839,920.242103099823,0.9705563379917632,0.01870054405256719,0.010743117955669545
densenet169_least_confidence_uncertainty_only,densenet169,least_confidence,uncertainty_only,15,4944,3166,25840.71058074945,460.9503044494932,277.35347635942105,26579.014361558366,953.7989752292632,0.9722223040039915,0.017342641009147904,0.010435054986860672
densenet169_margin_dual_metric,densenet169,margin,dual_metric,1,1610,6500,8414.95631776024,946.3591413654905,277.35347635942105,9638.668935485151,199.65856075286865,0.8730413269803505,0.09818359232999806,0.028775080689651344
densenet169_margin_dual_metric,densenet169,margin,dual_metric,2,2323,5787,12141.579829911201,842.5517772477649,277.35347635942105,13261.485083518388,422.9402222633362,0.9155520481639703,0.0635337424082996,0.02091420942773
densenet169_margin_dual_metric,densenet169,margin,dual_metric,3,2809,5301,14681.746768067398,771.7938824915032,277.35347635942105,15730.894126918323,557.1947588920593,0.9333065653874276,0.04906230226105382,0.01763113235151844
densenet169_margin_dual_metric,densenet169,margin,dual_metric,4,3307,4803,17284.633877536093,699.2888792227411,277.35347635942105,18261.276233118257,641.6295232772827,0.9465183953676279,0.038293538211449096,0.015188066420922913
densenet169_margin_dual_metric,densenet169,margin,dual_metric,5,3631,4479,18978.078502973556,652.1169493852333,277.35347635942105,19907.54892871821,700.110354423523,0.9533106547133073,0.03275726970307746,0.013932075583615257
densenet169_margin_dual_metric,densenet169,margin,dual_metric,6,3893,4217,20347.46890996311,613.9717468623103,277.35347635942105,21238.79413318484,749.211348772049,0.9580331530296691,0.028908032302220107,0.013058814668110858
densenet169_margin_dual_metric,densenet169,margin,dual_metric,7,4067,4043,21256.91139399434,588.6386734310561,277.35347635942105,22122.903543784818,780.8819582462311,0.9608554027243061,0.026607658993135535,0.012536938282558321
densenet169_margin_dual_metric,densenet169,margin,dual_metric,8,4227,3883,22093.18034482766,565.3438932643855,277.35347635942105,22935.877714451464,803.9802386760712,0.9632585515097668,0.02464888853624176,0.012092559953991465
densenet169_margin_dual_metric,densenet169,margin,dual_metric,9,4382,3728,22903.315890947433,542.7770749779235,277.35347635942105,23723.446442284778,847.4674100875854,0.9654295359937441,0.02287935171217261,0.011691112294083247
densenet169_margin_dual_metric,densenet169,margin,dual_metric,10,4535,3575,23702.99807518179,520.5014414435448,277.35347635942105,24500.852992984757,864.0724263191223,0.9674356269134216,0.021244217154095742,0.011320155932482624
densenet169_margin_dual_metric,densenet169,margin,dual_metric,11,4691,3419,24518.360302244273,497.789030781041,277.35347635942105,25293.502809384736,900.4952807426453,0.9693540861863996,0.01968050983418337,0.010965403979416945
densenet169_margin_dual_metric,densenet169,margin,dual_metric,12,4850,3260,25349.40257213488,474.63984299041215,277.35347635942105,26101.395891484714,921.7930617332458,0.9711895362808867,0.01818446204807223,0.01062600167104107
densenet169_margin_dual_metric,densenet169,margin,dual_metric,13,5002,3108,26143.85807542653,452.50980183207514,277.35347635942105,26873.721353618028,950.5602467060088,0.972841004467242,0.016838375150122386,0.010320620382635648
densenet169_margin_dual_metric,densenet169,margin,dual_metric,14,5153,2957,26933.086897775473,430.5253530497798,277.35347635942105,27640.965727184674,981.907523393631,0.9743902280261862,0.015575626311289172,0.010034145662524594
densenet169_margin_dual_metric,densenet169,margin,dual_metric,15,5307,2803,27737.995762952538,408.10412713935943,277.35347635942105,28423.45336645132,1004.330623626709,0.9758840843629565,0.01435800646310809,0.009757909173935425
densenet169_margin_uncertainty_only,densenet169,margin,uncertainty_only,1,1400,6710,7317.353319791512,976.9296851412455,277.35347635942105,8571.636481292178,205.61307501792908,0.853670513881664,0.11397236540226831,0.03235712071606773
densenet169_margin_uncertainty_only,densenet169,margin,uncertainty_only,2,1978,6132,10338.374904676864,892.7772917891482,277.35347635942105,11508.505672825435,375.418881893158,0.8983246998859676,0.07757543135224122,0.02409986876179107
densenet169_margin_uncertainty_only,densenet169,margin,uncertainty_only,3,2475,5635,12936.035333202852,820.4178808964278,277.35347635942105,14033.806690458701,471.5756330490112,0.921776651091952,0.05846010986129752,0.019763239046750446
densenet169_margin_uncertainty_only,densenet169,margin,uncertainty_only,4,2857,5253,14932.627453317393,764.801593248502,277.35347635942105,15974.782522925316,567.0128495693207,0.9347624878077475,0.04787555587382424,0.017361956318428292
densenet169_margin_uncertainty_only,densenet169,margin,uncertainty_only,5,3199,4911,16720.152335723604,715.0090006422437,277.35347635942105,17712.51481272527,639.9785656929016,0.9439739366490907,0.04036744687030873,0.01565861648060054
densenet169_margin_uncertainty_only,densenet169,margin,uncertainty_only,6,3451,4659,18037.275933286077,678.3197218797376,277.35347635942105,18992.949131525234,710.5775156021118,0.9496827379665387,0.03571429150799105,0.01460297052547037
densenet169_margin_uncertainty_only,densenet169,margin,uncertainty_only,7,3631,4479,18978.078502973556,652.1130941922332,277.35347635942105,19907.545073525213,756.645583152771,0.9533108393265556,0.03275708239181485,0.013932078281629505
densenet169_margin_uncertainty_only,densenet169,margin,uncertainty_only,8,3782,4328,19767.307325322497,630.1286454099379,277.35347635942105,20674.789447091858,744.9420502185822,0.9561068264278257,0.030478116694850916,0.013415056877323311
densenet169_margin_uncertainty_only,densenet169,margin,uncertainty_only,9,3932,4178,20551.309466728733,608.2897890036843,277.35347635942105,21436.95273209184,775.7748470306396,0.9586861399364254,0.028375758280842503,0.012938101782732095
densenet169_margin_uncertainty_only,densenet169,margin,uncertainty_only,10,4082,4028,21335.311608134965,586.4509325974307,277.35347635942105,22199.11601709182,789.9576742649078,0.9610883420631803,0.02641776060568822,0.012493897331131456
densenet169_margin_uncertainty_only,densenet169,margin,uncertainty_only,11,4232,3878,22119.313749541197,564.612076191177,277.35347635942105,22961.279302091796,814.1592025756836,0.963331069603169,0.02458974819141459,0.01207918220541631
densenet169_margin_uncertainty_only,densenet169,margin,uncertainty_only,12,4382,3728,22903.315890947433,542.7732197849234,277.35347635942105,23723.442587091777,839.5657064914703,0.9654296928814798,0.02287919292456539,0.011691114193954825
densenet169_margin_uncertainty_only,densenet169,margin,uncertainty_only,13,4532,3578,23687.318032353665,520.9343633786698,277.35347635942105,24485.605872091757,878.0531175136566,0.9673976684951886,0.021275126541688772,0.011327204963122577
densenet169_margin_uncertainty_only,densenet169,margin,uncertainty_only,14,4682,3428,24471.320173759897,499.0955069724162,277.35347635942105,25247.769157091734,907.037300825119,0.9692468281652622,0.019767905190634535,0.010985266644103346
densenet169_margin_uncertainty_only,densenet169,margin,uncertainty_only,15,4832,3278,25255.322315166133,477.2566505661626,277.35347635942105,26009.93244209172,929.4300329685212,0.9709876168034791,0.01834901538590008,0.010663367810620744
densenet169_mc_dropout_dual_metric,densenet169,mc_dropout,dual_metric,1,1862,6248,9732.07991532271,27347.597675144712,277.35347635942105,37357.03106682684,1060.3228125572205,0.2605153471086418,0.7320602546338181,0.007424398257540112
densenet169_mc_dropout_dual_metric,densenet169,mc_dropout,dual_metric,2,3290,4820,17195.780301510054,21097.220424719664,277.35347635942105,38570.35420258914,1298.8422429561615,0.44582894445796256,0.5469802095647713,0.007190845977266213
densenet169_mc_dropout_dual_metric,densenet169,mc_dropout,dual_metric,3,3913,4197,20452.002528817276,18370.340153700894,277.35347635942105,39099.69615887759,1545.112441778183,0.5230731831191903,0.4698333224650879,0.007093494415721897
densenet169_mc_dropout_dual_metric,densenet169,mc_dropout,dual_metric,4,4377,3733,22877.18248623389,16339.405248800877,277.35347635942105,39493.94121139419,1681.9148075580597,0.5792580275486336,0.41371928826609183,0.007022684185274557
densenet169_mc_dropout_dual_metric,densenet169,mc_dropout,dual_metric,5,4666,3444,24387.69327867657,15074.447948119616,277.35347635942105,39739.49470315561,1735.9131875038147,0.6136890632567606,0.3793316462809124,0.006979290462326818
densenet169_mc_dropout_dual_metric,densenet169,mc_dropout,dual_metric,6,4849,3261,25344.17589119217,14273.45422485086,277.35347635942105,39894.98359240245,1782.087066411972,0.635272247511807,0.35777566349392054,0.0069520889942724495
densenet169_mc_dropout_dual_metric,densenet169,mc_dropout,dual_metric,7,5008,3102,26175.21816108278,13577.508858732104,277.35347635942105,40030.080496174305,1826.2000517845156,0.6538887215973587,0.3391826519067258,0.0069286264959154365
densenet169_mc_dropout_dual_metric,densenet169,mc_dropout,dual_metric,8,5169,2941,27016.713792858805,12872.80946285085,277.35347635942105,40166.876732069075,1844.6887006759644,0.672611763495387,0.32048320681536213,0.006905029689250973
densenet169_mc_dropout_dual_metric,densenet169,mc_dropout,dual_metric,9,5327,2783,27842.529381806704,12181.241111613343,277.35347635942105,40301.123969779466,1869.517353773117,0.6908623541786312,0.30225561750455565,0.0068820283168131895
densenet169_mc_dropout_dual_metric,densenet169,mc_dropout,dual_metric,10,5482,2628,28652.66492792648,11502.803805019588,277.35347635942105,40432.82220930549,1926.2362422943115,0.7086486513259557,0.2844917365766334,0.006859612097411024
densenet169_mc_dropout_dual_metric,densenet169,mc_dropout,dual_metric,11,5634,2476,29447.12043121813,10837.497543069583,277.35347635942105,40561.971450647135,1926.086995124817,0.7259785305812182,0.26718369831347727,0.006837771105304501
densenet169_mc_dropout_dual_metric,densenet169,mc_dropout,dual_metric,12,5790,2320,30262.48265828061,10154.683221594578,277.35347635942105,40694.51935623461,1947.9588890075684,0.7436500820507723,0.24953441844838567,0.006815499500841975
densenet169_mc_dropout_dual_metric,densenet169,mc_dropout,dual_metric,13,5941,2169,31051.71148062955,9493.753974525824,277.35347635942105,40822.8189315148,2087.876535177231,0.7606459400249292,0.2325599804965145,0.0067940794785562204
densenet169_mc_dropout_dual_metric,densenet169,mc_dropout,dual_metric,14,6093,2017,31846.1669839212,8828.447712575819,277.35347635942105,40951.96817285644,2033.2591910362244,0.7776467995262143,0.2155805473209818,0.006772653152803898
densenet169_mc_dropout_dual_metric,densenet169,mc_dropout,dual_metric,15,6243,1867,32630.169125327437,8171.895480388313,277.35347635942105,41079.41808207517,2038.687476396561,0.794319166355608,0.19892919281527224,0.006751640829119803
densenet169_mc_dropout_uncertainty_only,densenet169,mc_dropout,uncertainty_only,1,1735,6375,9068.291435598767,27903.474709870465,277.35347635942105,37249.11962182865,1050.568969964981,0.24344981915450656,0.7491042739576194,0.007445906887874122
densenet169_mc_dropout_uncertainty_only,densenet169,mc_dropout,uncertainty_only,2,3303,4807,17263.72715376526,21040.31537607041,277.35347635942105,38581.39600619509,1281.216482877731,0.44746248038803954,0.5453487316190406,0.007188787992919847
densenet169_mc_dropout_uncertainty_only,densenet169,mc_dropout,uncertainty_only,3,3723,4387,19458.933149702712,19201.969125945398,277.35347635942105,38938.255752007535,1564.8959965705872,0.49973818225536387,0.49313891326412085,0.0071229044805151956
densenet169_mc_dropout_uncertainty_only,densenet169,mc_dropout,uncertainty_only,4,4104,4006,21450.298588874546,17534.326456189134,277.35347635942105,39261.9785214231,1654.3972930908203,0.5463376884374357,0.44659813683667565,0.007064174725888674
densenet169_mc_dropout_uncertainty_only,densenet169,mc_dropout,uncertainty_only,5,4382,3728,22903.315890947433,16317.516319201626,277.35347635942105,39498.185686508485,1718.6164257526398,0.5798574160526717,0.41312065441971046,0.007021929527617709
densenet169_mc_dropout_uncertainty_only,densenet169,mc_dropout,uncertainty_only,6,4612,3498,24105.452507770322,15310.802896514118,277.35347635942105,39693.608880643864,1768.0524125099182,0.6072880039770098,0.38572463749901703,0.006987358523973095
densenet169_mc_dropout_uncertainty_only,densenet169,mc_dropout,uncertainty_only,7,4762,3348,24889.454649176558,14654.250664326613,277.35347635942105,39821.058789862596,1813.44992351532,0.6250324678838717,0.36800253709118363,0.006964995024944641
densenet169_mc_dropout_uncertainty_only,densenet169,mc_dropout,uncertainty_only,8,4912,3198,25673.45679058279,13997.698432139108,277.35347635942105,39948.50869908132,1815.6509220600128,0.6426637095259876,0.35039351625311127,0.006942774220900998
densenet169_mc_dropout_uncertainty_only,densenet169,mc_dropout,uncertainty_only,9,5062,3048,26457.458931989026,13341.146199951603,277.35347635942105,40075.95860830005,1860.6862461566925,0.6601828091146266,0.3328964961349308,0.0069206947504427
densenet169_mc_dropout_uncertainty_only,densenet169,mc_dropout,uncertainty_only,10,5212,2898,27241.461073395258,12684.593967764098,277.35347635942105,40203.40851751878,1896.4612760543823,0.6775908331634293,0.31551041156713716,0.0068987552694335175
densenet169_mc_dropout_uncertainty_only,densenet169,mc_dropout,uncertainty_only,11,5362,2748,28025.46321480149,12028.041735576593,277.35347635942105,40330.858426737504,1909.3912510871887,0.6948888347048398,0.2982342108444326,0.006876954450727695
densenet169_mc_dropout_uncertainty_only,densenet169,mc_dropout,uncertainty_only,12,5512,2598,28809.465356207726,11371.489503389088,277.35347635942105,40458.30833595624,1952.790620803833,0.7120778535024432,0.28106685551365435,0.006855290983902324
densenet169_mc_dropout_uncertainty_only,densenet169,mc_dropout,uncertainty_only,13,5662,2448,29593.467497613958,10714.937271201583,277.35347635942105,40585.75824517496,1984.362303495407,0.7291589162593057,0.26400732016569944,0.006833763574994788
densenet169_mc_dropout_uncertainty_only,densenet169,mc_dropout,uncertainty_only,14,5812,2298,30377.46963902019,10058.385039014078,277.35347635942105,40713.20815439369,2025.2980015277865,0.7461330368223983,0.24705459223135667,0.00681237094624511
densenet169_mc_dropout_uncertainty_only,densenet169,mc_dropout,uncertainty_only,15,5962,2148,31161.471780426426,9401.832806826573,277.35347635942105,40840.65806361242,2036.270123243332,0.7630012163831952,0.23020767178096166,0.0067911118358431445
efficientnet_b4_entropy_dual_metric,efficientnet_b4,entropy,dual_metric,1,1904,6206,11125.674011083156,714.4984856476756,219.320503898453,12059.493000629283,200.44076442718503,0.9225656510188779,0.059247804663959916,0.0181865443171623
efficientnet_b4_entropy_dual_metric,efficientnet_b4,entropy,dual_metric,2,2405,5705,14053.175418411234,656.818920055484,219.320503898453,14929.314842365171,451.4196603298187,0.9413141571997865,0.0439952487432054,0.014690594057008127
efficientnet_b4_entropy_dual_metric,efficientnet_b4,entropy,dual_metric,3,2585,5525,15104.972331223718,636.0957228367325,219.320503898453,15960.388557958904,569.8287355899811,0.9464037968982516,0.039854651440771674,0.013741551660976657
efficientnet_b4_entropy_dual_metric,efficientnet_b4,entropy,dual_metric,4,2758,5352,16115.86603076016,616.1784277320436,219.320503898453,16951.364962390657,580.440349817276,0.9507119967339394,0.03634978239800364,0.012938220868056998
efficientnet_b4_entropy_dual_metric,efficientnet_b4,entropy,dual_metric,5,2918,5192,17050.796619926812,597.7578079820423,219.320503898453,17867.874931807306,605.0490787029266,0.9542710974305075,0.03345433132162517,0.01227457124786742
efficientnet_b4_entropy_dual_metric,efficientnet_b4,entropy,dual_metric,6,3080,5030,17997.413841458045,579.106930485166,219.320503898453,18795.841275841663,633.6000106334686,0.9575210589052037,0.03081037565631571,0.011668565438480593
efficientnet_b4_entropy_dual_metric,efficientnet_b4,entropy,dual_metric,7,3240,4870,18932.344430624697,560.6863107351647,219.320503898453,19712.351245258313,657.6882035732269,0.9604305541774859,0.028443400980389614,0.011126044842124516
efficientnet_b4_entropy_dual_metric,efficientnet_b4,entropy,dual_metric,8,3397,4713,19849.745071244477,542.6110776054759,219.320503898453,20611.676652748407,684.4280226230621,0.9630339833900736,0.02632542159218876,0.010640595017737595
efficientnet_b4_entropy_dual_metric,efficientnet_b4,entropy,dual_metric,9,3551,4559,20749.61576331738,524.8812310960997,219.320503898453,21493.81749831193,713.0199615955353,0.9653760094011685,0.02442010271731964,0.010203887881511876
efficientnet_b4_entropy_dual_metric,efficientnet_b4,entropy,dual_metric,10,3705,4405,21649.48645539028,507.1513845867234,219.320503898453,22375.958343875456,744.8344264030457,0.9675333732159893,0.022665012903259014,0.009801613880751767
efficientnet_b4_entropy_dual_metric,efficientnet_b4,entropy,dual_metric,11,3860,4250,22555.200463645473,489.30640920390965,219.320503898453,23263.827376747835,766.5721161365509,0.9695395387170628,0.02103292812828257,0.009427533154654662
efficientnet_b4_entropy_dual_metric,efficientnet_b4,entropy,dual_metric,12,4010,4100,23431.69789098921,472.03707818828343,219.320503898453,24123.055473075947,797.4403827190399,0.9713403808709734,0.01956788097242201,0.009091738156604558
efficientnet_b4_entropy_dual_metric,efficientnet_b4,entropy,dual_metric,13,4161,3949,24314.038634515236,454.6526182992197,219.320503898453,24988.01175671291,827.756379365921,0.973028141303935,0.01819482969376623,0.008777029002298816
efficientnet_b4_entropy_dual_metric,efficientnet_b4,entropy,dual_metric,14,4315,3795,25213.90932658814,436.9227717898434,219.320503898453,25870.152602276434,844.3553512096405,0.9746331888420886,0.016889068205627692,0.008477742952283707
efficientnet_b4_entropy_dual_metric,efficientnet_b4,entropy,dual_metric,15,4466,3644,26096.25007011417,419.5383119007797,219.320503898453,26735.1088859134,870.6507303714752,0.9761041251589649,0.015692410817965,0.008203464023070126
efficientnet_b4_entropy_uncertainty_only,efficientnet_b4,entropy,uncertainty_only,1,1558,6552,9103.886612010272,754.3292206640533,219.320503898453,10077.536336572777,206.7846887111664,0.9033841514389787,0.07485254287067047,0.02176330569035097
efficientnet_b4_entropy_uncertainty_only,efficientnet_b4,entropy,uncertainty_only,2,1896,6214,11078.927481624823,715.4156614421756,219.320503898453,12013.663646965451,385.7542908191681,0.9221939124642686,0.05955016575005273,0.018255921785678718
efficientnet_b4_entropy_uncertainty_only,efficientnet_b4,entropy,uncertainty_only,3,2046,6064,11955.42490896856,698.1463304265494,219.320503898453,12872.891743293561,447.2852599620819,0.9287287695243007,0.054233838390683686,0.01703739208501565
efficientnet_b4_entropy_uncertainty_only,efficientnet_b4,entropy,uncertainty_only,4,2196,5914,12831.922336312295,680.8769994109232,219.320503898453,13732.11983962167,472.0078539848328,0.934445845665284,0.049582803482851184,0.015971350851864942
efficientnet_b4_entropy_uncertainty_only,efficientnet_b4,entropy,uncertainty_only,5,2346,5764,13708.419763656031,663.607668395297,219.320503898453,14591.34793594978,503.2620611190796,0.9394896087620245,0.045479531521575044,0.015030859716400629
efficientnet_b4_entropy_uncertainty_only,efficientnet_b4,entropy,uncertainty_only,6,2496,5614,14584.917190999768,646.3383373796707,219.320503898453,15450.576032277891,520.9575598239899,0.9439723904487658,0.04183263692107022,0.014194972630164029
efficientnet_b4_entropy_uncertainty_only,efficientnet_b4,entropy,uncertainty_only,7,2646,5464,15461.414618343504,629.0690063640445,219.320503898453,16309.804128606002,556.9644842147827,0.9479828510770099,0.038569991485103816,0.013447157437886308
efficientnet_b4_entropy_uncertainty_only,efficientnet_b4,entropy,uncertainty_only,8,2796,5314,16337.91204568724,611.7996753484183,219.320503898453,17169.03222493411,577.1183319091797,0.9515919028889783,0.03563390570494233,0.012774191406079365
efficientnet_b4_entropy_uncertainty_only,efficientnet_b4,entropy,uncertainty_only,9,2946,5164,17214.409473030977,594.5303443327921,219.320503898453,18028.26032126222,598.3348948955536,0.9548569393980072,0.032977688015277506,0.012165372586715436
efficientnet_b4_entropy_uncertainty_only,efficientnet_b4,entropy,uncertainty_only,10,3096,5014,18090.906900374714,577.2610133171659,219.320503898453,18887.48841759033,631.0621085166931,0.9578249103531551,0.030563143206459892,0.011611946440385108
efficientnet_b4_entropy_uncertainty_only,efficientnet_b4,entropy,uncertainty_only,11,3246,4864,18967.404327718446,559.9916823015396,219.320503898453,19746.71651391844,664.0671124458313,0.9605345939082734,0.02835872393806993,0.011106682153656549
efficientnet_b4_entropy_uncertainty_only,efficientnet_b4,entropy,uncertainty_only,12,3396,4714,19843.901755062183,542.7223512859134,219.320503898453,20605.944610246548,686.3906054496765,0.963018300320703,0.02633814472237484,0.010643554956922156
efficientnet_b4_entropy_uncertainty_only,efficientnet_b4,entropy,uncertainty_only,13,3546,4564,20720.39918240592,525.4530202702872,219.320503898453,21465.17270657466,712.4547665119171,0.9653031664664584,0.024479328792418424,0.010217504741123111
efficientnet_b4_entropy_uncertainty_only,efficientnet_b4,entropy,uncertainty_only,14,3696,4414,21596.896609749656,508.183689254661,219.320503898453,22324.40080290277,760.5213141441345,0.9674121514133308,0.022763598169612844,0.009824250417056457
efficientnet_b4_entropy_uncertainty_only,efficientnet_b4,entropy,uncertainty_only,15,3846,4264,22473.394037093392,490.91435823903475,219.320503898453,23183.62889923088,814.6333949565887,0.9693648106073226,0.021175043836874085,0.009460145555803346
efficientnet_b4_least_confidence_dual_metric,efficientnet_b4,least_confidence,dual_metric,1,1762,6348,10295.923113197752,730.8467856758017,219.320503898453,11246.090402772006,233.16984605789185,0.9155113238872727,0.06498674290361903,0.019501933209108254
efficientnet_b4_least_confidence_dual_metric,efficientnet_b4,least_confidence,dual_metric,2,2240,5870,13089.028248333125,675.8151841726728,219.320503898453,13984.16393640425,481.6538712978363,0.9359893310646291,0.048327178317279174,0.01568349061809175
efficientnet_b4_least_confidence_dual_metric,efficientnet_b4,least_confidence,dual_metric,3,2457,5653,14357.027859890397,650.8322186367336,219.320503898453,15227.180582425583,569.2621221542358,0.9428552963022274,0.042741478970039284,0.014403224727733333
efficientnet_b4_least_confidence_dual_metric,efficientnet_b4,least_confidence,dual_metric,4,2614,5496,15274.428500510174,632.7569855070448,219.320503898453,16126.505989915671,608.412538766861,0.9471629198576353,0.03923707875113954,0.013600001391225098
efficientnet_b4_least_confidence_dual_metric,efficientnet_b4,least_confidence,dual_metric,5,2777,5333,16226.8890382237,613.990979136731,219.320503898453,17060.200521258885,636.6284184455872,0.9511546489739797,0.03598966954530404,0.012855681480716218
efficientnet_b4_least_confidence_dual_metric,efficientnet_b4,least_confidence,dual_metric,6,2937,5173,17161.819627390352,595.5703593867297,219.320503898453,17976.710490675534,682.8979649543762,0.9546696341520401,0.03313010796361494,0.012200257884345075
efficientnet_b4_least_confidence_dual_metric,efficientnet_b4,least_confidence,dual_metric,7,3124,4986,18254.519753478875,574.0412600539156,219.320503898453,19047.881517431244,720.7734417915344,0.9583490813282127,0.030136750878495048,0.011514167793292222
efficientnet_b4_least_confidence_dual_metric,efficientnet_b4,least_confidence,dual_metric,8,3282,4828,19177.763710280946,555.8508980507894,219.320503898453,19952.93511223019,754.809407711029,0.9611500063730424,0.02785810182433158,0.010991891802626075
efficientnet_b4_least_confidence_dual_metric,efficientnet_b4,least_confidence,dual_metric,9,3434,4676,20065.947769989263,538.3513092882881,219.320503898453,20823.619583176005,781.8577661514282,0.9636147879978135,0.025852917027126134,0.010532294975060353
efficientnet_b4_least_confidence_dual_metric,efficientnet_b4,least_confidence,dual_metric,10,3590,4520,20977.50509442675,520.3912050320369,219.320503898453,21717.216803357238,807.9368126392365,0.9659389269063181,0.023962149926669712,0.01009892316701229
efficientnet_b4_least_confidence_dual_metric,efficientnet_b4,least_confidence,dual_metric,11,3745,4365,21883.219102681942,502.54622964922305,219.320503898453,22605.085836229617,872.0181214809418,0.9680661803818181,0.022231555911359658,0.009702263706822282
efficientnet_b4_least_confidence_dual_metric,efficientnet_b4,least_confidence,dual_metric,12,3903,4207,22806.463059484013,484.3558676460968,219.320503898453,23510.13943102856,898.9678399562836,0.970069238695546,0.02060199894037406,0.009328762364080026
efficientnet_b4_least_confidence_dual_metric,efficientnet_b4,least_confidence,dual_metric,13,4056,4054,23700.490435374624,466.74115001015804,219.320503898453,24386.552089283236,949.5216014385225,0.9718672138891622,0.019139284155519028,0.00899350195531882
efficientnet_b4_least_confidence_dual_metric,efficientnet_b4,least_confidence,dual_metric,14,4220,3890,24658.79428927044,447.8600147664067,219.320503898453,25325.9748079353,997.516773223877,0.9736562748828205,0.017683821379545883,0.008659903737633588
efficientnet_b4_least_confidence_dual_metric,efficientnet_b4,least_confidence,dual_metric,15,4373,3737,25552.821665161053,430.245297130468,219.320503898453,26202.38746618997,1001.2603676319122,0.975209671184846,0.016420079952089533,0.008370248863064535
efficientnet_b4_least_confidence_uncertainty_only,efficientnet_b4,least_confidence,uncertainty_only,1,1416,6694,8274.135714124868,770.6775206921795,219.320503898453,9264.1337387155,205.5153949260712,0.893136470984507,0.08318937770419496,0.02367415131129815
efficientnet_b4_least_confidence_uncertainty_only,efficientnet_b4,least_confidence,uncertainty_only,2,1852,6258,10821.821569603995,720.4813318734259,219.320503898453,11761.623405375874,367.1906118392944,0.9200959082449175,0.06125696317942948,0.018647128575652948
efficientnet_b4_least_confidence_uncertainty_only,efficientnet_b4,least_confidence,uncertainty_only,3,2020,6090,11803.498688228978,701.1396811359245,219.320503898453,12723.958873263355,445.9186897277832,0.9276592926617733,0.055103894009687335,0.017236813328539404
efficientnet_b4_least_confidence_uncertainty_only,efficientnet_b4,least_confidence,uncertainty_only,4,2183,5927,12755.959225942504,682.3736747656108,219.320503898453,13657.653404606568,474.0193471908569,0.9339788357522726,0.04996273185080638,0.01605843239692104
efficientnet_b4_least_confidence_uncertainty_only,efficientnet_b4,least_confidence,uncertainty_only,5,2336,5774,13649.986601833116,664.758957129672,219.320503898453,14534.06606286124,508.5700302124024,0.9391719112047244,0.04573798923539533,0.01509009955988026
efficientnet_b4_least_confidence_uncertainty_only,efficientnet_b4,least_confidence,uncertainty_only,6,2495,5615,14579.073874817475,646.4534662531082,219.320503898453,15444.847844969036,530.3356199264526,0.9439441567283827,0.04185560600803732,0.014200237263580029
efficientnet_b4_least_confidence_uncertainty_only,efficientnet_b4,least_confidence,uncertainty_only,7,2739,5371,16004.84302329662,618.3620211343563,219.320503898453,16842.525548329428,551.490828037262,0.9502638412137724,0.03671432881962825,0.013021829966599452
efficientnet_b4_least_confidence_uncertainty_only,efficientnet_b4,least_confidence,uncertainty_only,8,2913,5197,17021.580039015353,598.3295971562299,219.320503898453,17839.230140070034,599.0901761054993,0.9541656173144997,0.03354010192470564,0.012294280760794758
efficientnet_b4_least_confidence_uncertainty_only,efficientnet_b4,least_confidence,uncertainty_only,9,3077,5033,17979.883892911173,579.4484619124785,219.320503898453,18778.652858722104,633.1689167022705,0.9574639899986261,0.030856764128495116,0.011679245872878758
efficientnet_b4_least_confidence_uncertainty_only,efficientnet_b4,least_confidence,uncertainty_only,10,3230,4880,18873.91126880178,561.8337442765397,219.320503898453,19655.065516976774,659.8433611392975,0.9602568484190357,0.028584679292534745,0.011158472288429573
efficientnet_b4_least_confidence_uncertainty_only,efficientnet_b4,least_confidence,uncertainty_only,11,3380,4730,19750.408696145518,544.5644132609135,219.320503898453,20514.293613304882,697.4441769123077,0.962763284392891,0.026545608809446272,0.010691106797662733
efficientnet_b4_least_confidence_uncertainty_only,efficientnet_b4,least_confidence,uncertainty_only,12,3530,4580,20626.906123489254,527.2950822452873,219.320503898453,21373.521709632994,718.6640799045563,0.9650681999772063,0.024670481982743943,0.010261318040049797
efficientnet_b4_least_confidence_uncertainty_only,efficientnet_b4,least_confidence,uncertainty_only,13,3680,4430,21503.40355083299,510.0257512296611,219.320503898453,22232.749805961103,834.9485223293304,0.9671949596206693,0.022940291042762136,0.009864749336568715
efficientnet_b4_least_confidence_uncertainty_only,efficientnet_b4,least_confidence,uncertainty_only,14,3830,4280,22379.900978176727,492.7564202140349,219.320503898453,23091.977902289214,834.5863924026489,0.969163450306182,0.021338857255929804,0.00949769243788817
efficientnet_b4_least_confidence_uncertainty_only,efficientnet_b4,least_confidence,uncertainty_only,15,3980,4130,23256.398405520464,475.4870891984087,219.320503898453,23951.205998617326,887.1461763381958,0.9709907053057382,0.019852323479070656,0.009156971215191174
efficientnet_b4_margin_dual_metric,efficientnet_b4,margin,dual_metric,1,1726,6384,10085.563730635256,734.991425119552,219.320503898453,11039.87565965326,212.2442419528961,0.913557728507245,0.06657606007336468,0.019866211419390337
efficientnet_b4_margin_dual_metric,efficientnet_b4,margin,dual_metric,2,2342,5768,13685.046498926866,664.072039082047,219.320503898453,14568.439041907364,433.8808822631836,0.9393625809574145,0.04558292327488119,0.015054495767704335
efficientnet_b4_margin_dual_metric,efficientnet_b4,margin,dual_metric,3,2660,5450,15543.221044895585,627.4610573289194,219.320503898453,16390.00260612296,551.4339761734009,0.9483354834299396,0.03828315787421006,0.01338135869585033
efficientnet_b4_margin_dual_metric,efficientnet_b4,margin,dual_metric,4,2920,5190,17062.483252291393,597.5275502351673,219.320503898453,17879.331306425014,598.0339903831482,0.954313277150355,0.03342001666586061,0.01226670618378436
efficientnet_b4_margin_dual_metric,efficientnet_b4,margin,dual_metric,5,3176,4934,18558.372194958036,568.0545586351652,219.320503898453,19345.747257491654,640.5462682247162,0.959299837217262,0.029363278196203338,0.011336884586534696
efficientnet_b4_margin_dual_metric,efficientnet_b4,margin,dual_metric,6,3359,4751,19627.699056317397,546.9859747961012,219.320503898453,20394.00553501195,691.6677310466766,0.96242491562636,0.026820919208688482,0.01075416516495147
efficientnet_b4_margin_dual_metric,efficientnet_b4,margin,dual_metric,7,3529,4581,20621.062807306964,527.4140663117248,219.320503898453,21367.79737751714,750.6164000034332,0.9650532735303883,0.024682659470866265,0.010264066998745438
efficientnet_b4_margin_dual_metric,efficientnet_b4,margin,dual_metric,8,3690,4420,21561.836712655906,508.878317688286,219.320503898453,22290.035534242645,762.1954505443573,0.9673307464912715,0.022829856727080194,0.009839396781648286
efficientnet_b4_margin_dual_metric,efficientnet_b4,margin,dual_metric,9,3844,4266,22461.707404728808,491.14847117890974,219.320503898453,23172.17637980617,777.8502118587494,0.9693395664079049,0.021195612493564928,0.009464821098530219
efficientnet_b4_margin_dual_metric,efficientnet_b4,margin,dual_metric,10,4001,4109,23379.108045348585,473.073238049221,219.320503898453,24071.50178729626,814.7182404994965,0.9712359557760087,0.01965283438604921,0.009111209837942037
efficientnet_b4_margin_dual_metric,efficientnet_b4,margin,dual_metric,11,4156,3954,24284.82205360378,455.2282626664072,219.320503898453,24959.37082016864,851.084911108017,0.9729741277764989,0.018238771559840602,0.008787100663660527
efficientnet_b4_margin_dual_metric,efficientnet_b4,margin,dual_metric,12,4309,3801,25178.849429494392,437.61354503046846,219.320503898453,25835.783478423313,877.520738363266,0.9745727065146851,0.016938272663414303,0.008489020821900678
efficientnet_b4_margin_dual_metric,efficientnet_b4,margin,dual_metric,13,4463,3647,26078.720121567294,419.88369852109224,219.320503898453,26717.924323986837,903.5645728111268,0.9760758285460941,0.015715431087740928,0.008208740366165021
efficientnet_b4_margin_dual_metric,efficientnet_b4,margin,dual_metric,14,4622,3488,27007.80739455165,401.57820764452845,219.320503898453,27628.706106094633,925.360151529312,0.9775270434612927,0.014534817740015124,0.007938138798692169
efficientnet_b4_margin_dual_metric,efficientnet_b4,margin,dual_metric,15,4778,3332,27919.364718989138,383.6181033882772,219.320503898453,28522.30332627587,962.3073241710664,0.978860802355633,0.013449758913224693,0.007689438731142247
efficientnet_b4_margin_uncertainty_only,efficientnet_b4,margin,uncertainty_only,1,1381,6729,8069.619647744663,774.7070312624923,219.320503898453,9063.647182905608,213.58227586746216,0.8903280859127306,0.08547409399646755,0.02419782009080186
efficientnet_b4_margin_uncertainty_only,efficientnet_b4,margin,uncertainty_only,2,1931,6179,11283.443548005029,711.3861508718628,219.320503898453,12214.150202775345,361.6367292404175,0.9238009489551849,0.05824278718221584,0.017956263862599152
efficientnet_b4_margin_uncertainty_only,efficientnet_b4,margin,uncertainty_only,3,2237,5873,13071.49829978625,676.1567155999853,219.320503898453,13966.975519284688,445.4750192165375,0.9358861037407833,0.04841110479977517,0.015702791459441565
efficientnet_b4_margin_uncertainty_only,efficientnet_b4,margin,uncertainty_only,4,2519,5591,14719.313463192473,643.690373290608,219.320503898453,15582.324340381534,496.2121901512146,0.9446160368416558,0.04130900879931544,0.014074954359028759
efficientnet_b4_margin_uncertainty_only,efficientnet_b4,margin,uncertainty_only,5,2755,5355,16098.336082213285,616.5199591593561,219.320503898453,16934.176545271093,547.7843170166016,0.9506418005727466,0.036406846090872996,0.01295135333638049
efficientnet_b4_margin_uncertainty_only,efficientnet_b4,margin,uncertainty_only,6,2934,5176,17144.289678843477,595.9118908140422,219.320503898453,17959.52207355597,593.5616674423218,0.9546072333454317,0.03318083233915657,0.012211934315411753
efficientnet_b4_margin_uncertainty_only,efficientnet_b4,margin,uncertainty_only,7,3161,4949,18470.722452223665,569.7776365437278,219.320503898453,19259.820592665845,616.8902070522308,0.9590287907072889,0.029583745798790025,0.011387463493921144
efficientnet_b4_margin_uncertainty_only,efficientnet_b4,margin,uncertainty_only,8,3311,4799,19347.2198795674,552.5083055281016,219.320503898453,20119.048688993957,731.9700238704681,0.9616369132876158,0.027461949820239213,0.010901136892144975
efficientnet_b4_margin_uncertainty_only,efficientnet_b4,margin,uncertainty_only,9,3461,4649,20223.717306911138,535.2389745124754,219.320503898453,20978.276785322065,747.4504644870758,0.9640313889394923,0.025513962847843043,0.010454648212664714
efficientnet_b4_margin_uncertainty_only,efficientnet_b4,margin,uncertainty_only,10,3611,4499,21100.21473425487,517.9696434968491,219.320503898453,21837.504881650173,818.6796793937683,0.9662374364016816,0.02371926858420962,0.010043295014108765
efficientnet_b4_margin_uncertainty_only,efficientnet_b4,margin,uncertainty_only,11,3761,4349,21976.712161598607,500.70031248122297,219.320503898453,22696.73297797828,826.1254091262817,0.9682764555992142,0.022060457466148636,0.00966308693463728
efficientnet_b4_margin_uncertainty_only,efficientnet_b4,margin,uncertainty_only,12,3911,4199,22853.209588942344,483.43098146559674,219.320503898453,23555.961074306393,847.3153576850891,0.9701667241193324,0.02052266005792045,0.009310615822747148
efficientnet_b4_margin_uncertainty_only,efficientnet_b4,margin,uncertainty_only,13,4061,4049,23729.70701628608,466.1616504499705,219.320503898453,24415.1891706345,865.8556323051453,0.9719239466236498,0.01909310008585348,0.008982953290496799
efficientnet_b4_margin_uncertainty_only,efficientnet_b4,margin,uncertainty_only,14,4211,3899,24606.204443629817,448.8923194343443,219.320503898453,25274.417266962613,850.8656861782074,0.9735616921935427,0.017760738643067063,0.008677569163390256
efficientnet_b4_margin_uncertainty_only,efficientnet_b4,margin,uncertainty_only,15,4361,3749,25482.701870973553,431.6229884187181,219.320503898453,26133.645363290725,880.792053937912,0.9750917454006804,0.01651598858171574,0.008392266017603768
efficientnet_b4_mc_dropout_dual_metric,efficientnet_b4,mc_dropout,dual_metric,1,1611,6499,9413.582369671725,21894.3592890511,219.320503898453,31527.26216262128,1177.289534330368,0.29858546933493224,0.6944579956266882,0.006956535038379558
efficientnet_b4_mc_dropout_dual_metric,efficientnet_b4,mc_dropout,dual_metric,2,2285,5825,13351.977476536245,19623.734223813564,219.320503898453,33195.032204248266,1392.30375123024,0.4022281826503989,0.5911647894500954,0.006607027899505535
efficientnet_b4_mc_dropout_dual_metric,efficientnet_b4,mc_dropout,dual_metric,3,2588,5522,15122.502279770593,18602.963608432296,219.320503898453,33944.78639210134,1509.1055278778076,0.4455029442544811,0.5480359603252959,0.006461095420222971
efficientnet_b4_mc_dropout_dual_metric,efficientnet_b4,mc_dropout,dual_metric,4,2854,5256,16676.82438426015,17706.841550044785,219.320503898453,34602.98643820339,1560.083892583847,0.4819475455982065,0.5117142585847898,0.006338195817003599
efficientnet_b4_mc_dropout_dual_metric,efficientnet_b4,mc_dropout,dual_metric,5,3214,4896,18780.418209885116,16494.044779294763,219.320503898453,35493.783493078336,1614.5603966712952,0.5291185205304331,0.4647023550620146,0.00617912440755218
efficientnet_b4_mc_dropout_dual_metric,efficientnet_b4,mc_dropout,dual_metric,6,3467,4643,20258.777204004884,15641.718159850998,219.320503898453,36119.81586775433,1680.71844124794,0.5608770896888968,0.4330508831252103,0.006072027185892982
efficientnet_b4_mc_dropout_dual_metric,efficientnet_b4,mc_dropout,dual_metric,7,3734,4376,21818.942624676736,14742.227221544734,219.320503898453,36780.49035011992,1540.6597192287445,0.5932205475505739,0.40081649486482895,0.005962957584597235
efficientnet_b4_mc_dropout_dual_metric,efficientnet_b4,mc_dropout,dual_metric,8,3919,4191,22899.956118400678,14118.984436575975,219.320503898453,37238.261058875105,1571.434194803238,0.6149577200233646,0.3791526251522144,0.005889654824421016
efficientnet_b4_mc_dropout_dual_metric,efficientnet_b4,mc_dropout,dual_metric,9,4144,3966,24214.70225941628,13360.986454857211,219.320503898453,37795.009218171945,1608.9249897003174,0.64068517934833,0.3535119247552191,0.005802895896450876
efficientnet_b4_mc_dropout_dual_metric,efficientnet_b4,mc_dropout,dual_metric,10,4333,3777,25319.089017869388,12724.268150213451,219.320503898453,38262.67767198129,1650.404665708542,0.6617176464994206,0.33255038393538994,0.005731969565189511
efficientnet_b4_mc_dropout_dual_metric,efficientnet_b4,mc_dropout,dual_metric,11,4543,3567,26546.18541615062,12016.803367275941,219.320503898453,38782.30928732501,1678.0516595840454,0.6844921280854863,0.3098527031551295,0.005655168759384119
efficientnet_b4_mc_dropout_dual_metric,efficientnet_b4,mc_dropout,dual_metric,12,4702,3408,27475.272689134978,11481.151460194682,219.320503898453,39175.74465322811,1717.6853413581848,0.7013337699726658,0.2930678551696305,0.005598374857703715
efficientnet_b4_mc_dropout_dual_metric,efficientnet_b4,mc_dropout,dual_metric,13,4858,3252,28386.830013572464,10955.606192869674,219.320503898453,39561.75671034059,1741.5502877235413,0.7175320909385391,0.2769241586788818,0.005543750382579127
efficientnet_b4_mc_dropout_dual_metric,efficientnet_b4,mc_dropout,dual_metric,14,5009,3101,29269.17075709849,10446.905325138416,219.320503898453,39935.39658613536,1993.829703569412,0.7329129859514171,0.2615951315922411,0.005491882456341901
efficientnet_b4_mc_dropout_dual_metric,efficientnet_b4,mc_dropout,dual_metric,15,5164,2946,30174.884765353687,9924.728937732158,219.320503898453,40318.9342069843,2018.36816072464,0.7484048216762289,0.2461555379113403,0.005439640412430866
efficientnet_b4_mc_dropout_uncertainty_only,efficientnet_b4,mc_dropout,uncertainty_only,1,1265,6845,7391.79497059884,23059.987885745617,219.320503898453,30671.10336024291,1158.7831313610077,0.24100192561642161,0.7518473533507399,0.0071507210328385145
efficientnet_b4_mc_dropout_uncertainty_only,efficientnet_b4,mc_dropout,uncertainty_only,2,1551,6559,9062.98339873423,22096.4882289831,219.320503898453,31378.79213161578,1309.1030614376068,0.28882511986823095,0.7041854299649644,0.0069894501668047344
efficientnet_b4_mc_dropout_uncertainty_only,efficientnet_b4,mc_dropout,uncertainty_only,3,1933,6177,11295.130180369611,20809.576100020582,219.320503898453,32324.026784288646,1361.6536843776703,0.349434501330747,0.643780437347467,0.006785061321786044
efficientnet_b4_mc_dropout_uncertainty_only,efficientnet_b4,mc_dropout,uncertainty_only,4,2250,5860,13147.46141015604,19741.641165776815,219.320503898453,33108.42307983131,1427.3848626613617,0.39710321988017283,0.5962724687362972,0.0066243113835299725
efficientnet_b4_mc_dropout_uncertainty_only,efficientnet_b4,mc_dropout,uncertainty_only,5,2585,5525,15104.972331223718,18613.066392995544,219.320503898453,33937.35922811772,1494.3944363594055,0.44508390383860436,0.5484535867355961,0.006462509425799459
efficientnet_b4_mc_dropout_uncertainty_only,efficientnet_b4,mc_dropout,uncertainty_only,6,2892,5218,16898.87039918723,17578.82025793928,219.320503898453,34697.011161024966,1573.2640845775604,0.48704109759660436,0.5066378823339547,0.006321020069440879
efficientnet_b4_mc_dropout_uncertainty_only,efficientnet_b4,mc_dropout,uncertainty_only,7,3114,4996,18196.08659165596,16830.92891597677,219.320503898453,35246.33601153118,1611.3145282268524,0.5162546990899404,0.4775227958579969,0.006222505052062722
efficientnet_b4_mc_dropout_uncertainty_only,efficientnet_b4,mc_dropout,uncertainty_only,8,3440,4670,20101.007667083013,15732.67406246425,219.320503898453,36053.00223344572,1666.0370106697085,0.5575404660318599,0.4363762540660021,0.006083279902137896
efficientnet_b4_mc_dropout_uncertainty_only,efficientnet_b4,mc_dropout,uncertainty_only,9,3614,4496,21117.744682801746,15146.488956601741,219.320503898453,36483.55414330194,1738.0426497459412,0.5788291513445868,0.4151593591213345,0.0060114895340786945
efficientnet_b4_mc_dropout_uncertainty_only,efficientnet_b4,mc_dropout,uncertainty_only,10,3802,4308,22216.288125072562,14513.139531876732,219.320503898453,36948.74816084775,1774.1457123756409,0.6012730939722001,0.3927911026565005,0.005935803371299412
efficientnet_b4_mc_dropout_uncertainty_only,efficientnet_b4,mc_dropout,uncertainty_only,11,3999,4111,23367.421412984004,13849.470187882971,219.320503898453,37436.21210476543,1798.7684516906738,0.6241929965454346,0.36994849129300683,0.005858512161558533
efficientnet_b4_mc_dropout_uncertainty_only,efficientnet_b4,mc_dropout,uncertainty_only,12,4174,3936,24390.001744885027,13259.916202101711,219.320503898453,37869.23845088519,1841.2844471931455,0.6440584163454418,0.3501500622807418,0.005791521373816441
efficientnet_b4_mc_dropout_uncertainty_only,efficientnet_b4,mc_dropout,uncertainty_only,13,4370,3740,25535.291716614178,12599.6157380267,219.320503898453,38354.22795853933,1728.0586190223694,0.6657751459426496,0.3285065665158689,0.005718287541481399
efficientnet_b4_mc_dropout_uncertainty_only,efficientnet_b4,mc_dropout,uncertainty_only,14,4520,3590,26411.78914395791,12094.283750214192,219.320503898453,38725.393398070555,1746.4155659675598,0.682027652307177,0.31230886735980257,0.005663480333020461
efficientnet_b4_mc_dropout_uncertainty_only,efficientnet_b4,mc_dropout,uncertainty_only,15,4670,3440,27288.286571301647,11588.951762401684,219.320503898453,39096.558837601784,1767.6226048469543,0.6979715704558804,0.2964187157887617,0.00560971375535787
resnet50_entropy_dual_metric,resnet50,entropy,dual_metric,1,1300,6810,5509.388733333632,903.1913314695948,252.65241093752653,6665.232475740754,206.23323321342468,0.82658613234962,0.1355078513400565,0.03790601631032344
resnet50_entropy_dual_metric,resnet50,entropy,dual_metric,2,1884,6226,7984.375672000433,825.7377839695866,252.65241093752653,9062.765866907546,337.5291781425476,0.8810087107243025,0.09111322041152434,0.02787806886417316
resnet50_entropy_dual_metric,resnet50,entropy,dual_metric,3,2285,5825,9683.810196667193,772.5547830320811,252.65241093752653,10709.0173906368,437.3926239013672,0.9042669222980275,0.07214058534516414,0.02359249235680836
resnet50_entropy_dual_metric,resnet50,entropy,dual_metric,4,2813,5297,11921.469620667314,702.5282880320738,252.65241093752653,12876.650319636914,503.3530251979828,0.9258207161599358,0.05455831063150926,0.019620973208554958
resnet50_entropy_dual_metric,resnet50,entropy,dual_metric,5,3230,4880,13688.712006667409,647.223272094568,252.65241093752653,14588.587689699503,601.9583415985107,0.9383164633772284,0.04436503970508056,0.017318496917691054
resnet50_entropy_dual_metric,resnet50,entropy,dual_metric,6,3595,4515,15235.57884333416,598.8148049070628,252.65241093752653,16087.046059178749,672.3110327720642,0.9470712514458943,0.03722341582812828,0.015705332725977447
resnet50_entropy_dual_metric,resnet50,entropy,dual_metric,7,3867,4243,16388.31248600089,562.7405499070591,252.65241093752653,17203.705446845477,733.6245472431183,0.952603643246281,0.03271042692783634,0.014685929825882576
resnet50_entropy_dual_metric,resnet50,entropy,dual_metric,8,4076,4034,17274.052674667604,535.0217289695562,252.65241093752653,18061.72681457469,781.5817019939423,0.9563898763394273,0.02962184814675787,0.013988275513814756
resnet50_entropy_dual_metric,resnet50,entropy,dual_metric,9,4245,3865,17990.273210000978,512.6079455320538,252.65241093752653,18755.53356647056,823.7975869178772,0.9591981559064976,0.027331024399564283,0.013470819693937984
resnet50_entropy_dual_metric,resnet50,entropy,dual_metric,10,4400,3710,18647.16186666768,492.05092521955163,252.65241093752653,19391.86520282476,864.6619520187378,0.9615971270237275,0.025374089602679166,0.013028783373593342
resnet50_entropy_dual_metric,resnet50,entropy,dual_metric,11,4552,3558,19291.33654933438,471.89178271954955,252.65241093752653,20015.88074299146,904.4279742240906,0.9638015332445075,0.02357586902014202,0.012622597735350342
resnet50_entropy_dual_metric,resnet50,entropy,dual_metric,12,4707,3403,19948.225206001083,451.3347624070474,252.65241093752653,20652.21237934566,913.5615253448486,0.9659122635186226,0.021854063580056374,0.012233672901320974
resnet50_entropy_dual_metric,resnet50,entropy,dual_metric,13,4863,3247,20609.351854001117,430.6451161570452,252.65241093752653,21292.64938109569,938.1398215293884,0.9679092293840509,0.020225060228502425,0.011865710387446646
resnet50_entropy_dual_metric,resnet50,entropy,dual_metric,14,5016,3094,21257.764528001153,410.3533477195431,252.65241093752653,21920.770286658222,984.2214806079865,0.9697544497758549,0.018719841609274975,0.01152570861487016
resnet50_entropy_dual_metric,resnet50,entropy,dual_metric,15,5168,2942,21901.939210667857,390.19420521954095,252.65241093752653,22544.785826824926,982.6613879203796,0.9714857962681475,0.017307514394537656,0.01120668933731488
resnet50_entropy_uncertainty_only,resnet50,entropy,uncertainty_only,1,1075,7035,4555.84068333358,933.0283122140979,252.65241093752653,5741.521406485205,203.42936491966248,0.793490150221792,0.1625054138368651,0.04400443594134278
resnet50_entropy_uncertainty_only,resnet50,entropy,uncertainty_only,2,1504,6606,6373.938965333679,876.131785026592,252.65241093752653,7502.7231612977985,297.0987899303436,0.8495500671293774,0.11677517165314698,0.033674761217475535
resnet50_entropy_uncertainty_only,resnet50,entropy,uncertainty_only,3,1760,6350,7458.864746667072,842.1795450265884,252.65241093752653,8553.696702631187,364.977942943573,0.872004819199711,0.09845796201395907,0.02953721878632996
resnet50_entropy_uncertainty_only,resnet50,entropy,uncertainty_only,4,2120,5990,8984.541626667155,794.4342075265834,252.65241093752653,10031.628245131264,412.52685713768005,0.8956214691296699,0.07919294735748934,0.025185583512840847
resnet50_entropy_uncertainty_only,resnet50,entropy,uncertainty_only,5,2633,5477,11158.631180667273,726.3971015890762,252.65241093752653,12137.680693193875,484.4806044101715,0.9193380072128938,0.05984645007150325,0.020815542715602965
resnet50_entropy_uncertainty_only,resnet50,entropy,uncertainty_only,6,3061,5049,12972.491471334037,669.6332003390702,252.65241093752653,13894.777082610633,576.9586718082428,0.9336235762694718,0.04819315893718933,0.01818326479333893
resnet50_entropy_uncertainty_only,resnet50,entropy,uncertainty_only,7,3406,4704,14434.598481334117,623.8772519015654,252.65241093752653,15311.128144173208,646.6187598705292,0.9427521176372191,0.04074665472243387,0.016501227640347046
resnet50_entropy_uncertainty_only,resnet50,entropy,uncertainty_only,8,3653,4457,15481.382340667507,591.118645339062,252.65241093752653,16325.153396944095,705.1025207042694,0.9483146629155391,0.03620907142285802,0.015476265661602942
resnet50_entropy_uncertainty_only,resnet50,entropy,uncertainty_only,9,3839,4271,16269.64872866755,566.4502209640594,252.65241093752653,17088.751360569135,748.1915085315704,0.952067730718372,0.03314754887657245,0.014784720405055506
resnet50_entropy_uncertainty_only,resnet50,entropy,uncertainty_only,10,4024,4086,17053.67712533426,541.9144225265568,252.65241093752653,17848.243958798343,771.5063107013702,0.9554820723372958,0.030362338377799825,0.014155589284904457
resnet50_entropy_uncertainty_only,resnet50,entropy,uncertainty_only,11,4174,3936,17689.375825334293,522.0205319015547,252.65241093752653,18464.048768173376,804.0884642601013,0.958044253859728,0.028272267824669396,0.013683478315602451
resnet50_entropy_uncertainty_only,resnet50,entropy,uncertainty_only,12,4324,3786,18325.074525334327,502.12664127655273,252.65241093752653,19079.85357754841,824.2469670772552,0.960441045884008,0.026317111881163164,0.013241842234828624
resnet50_entropy_uncertainty_only,resnet50,entropy,uncertainty_only,13,4474,3636,18960.773225334364,482.23275065155065,252.65241093752653,19695.658386923442,848.4748277664185,0.9626879616232077,0.024484215819447798,0.01282782255734443
resnet50_entropy_uncertainty_only,resnet50,entropy,uncertainty_only,14,4624,3486,19596.471925334397,462.33886002654856,252.65241093752653,20311.463196298475,861.8120143413544,0.9647986329663155,0.022762459580499567,0.012438907453184832
resnet50_entropy_uncertainty_only,resnet50,entropy,uncertainty_only,15,4774,3336,20232.17062533443,442.4449694015465,252.65241093752653,20927.268005673504,916.878000497818,0.9667850872770096,0.021142031978641316,0.012072880744348998
resnet50_least_confidence_dual_metric,resnet50,least_confidence,dual_metric,1,1394,6716,5907.759918666988,890.7244933445935,252.65241093752653,7051.136822949108,203.8763918876648,0.837845026555036,0.12632352990876325,0.03583144353620069
resnet50_least_confidence_dual_metric,resnet50,least_confidence,dual_metric,2,1897,6213,8039.46955933377,824.0136467820865,252.65241093752653,9116.135617053382,350.3699507713318,0.8818944668061417,0.09039067444769248,0.027714858746165916
resnet50_least_confidence_dual_metric,resnet50,least_confidence,dual_metric,3,2322,5788,9840.615876000535,767.6476233445806,252.65241093752653,10860.915910282642,432.08350133895874,0.906057643507199,0.07067982384596176,0.023262532646839317
resnet50_least_confidence_dual_metric,resnet50,least_confidence,dual_metric,4,2902,5208,12298.650849334,690.7245795945724,252.65241093752653,13242.0278398661,505.6016628742218,0.9287588727391138,0.05216154111344603,0.019079586147440188
resnet50_least_confidence_dual_metric,resnet50,least_confidence,dual_metric,5,3302,4808,13993.847382667427,637.674204594567,252.65241093752653,14884.17399819952,614.6546874046326,0.9401830013785252,0.042842431475989456,0.01697456714548546
resnet50_least_confidence_dual_metric,resnet50,least_confidence,dual_metric,6,3632,4478,15392.384522667502,593.9076452195624,252.65241093752653,16238.94457882459,677.3574078083038,0.9478685297527899,0.036573044654269686,0.015558425592940477
resnet50_least_confidence_dual_metric,resnet50,least_confidence,dual_metric,7,3832,4278,16239.982789334215,567.3824577195595,252.65241093752653,17060.017657991302,739.65576171875,0.9519323552239722,0.03325802288685115,0.014809621889176554
resnet50_least_confidence_dual_metric,resnet50,least_confidence,dual_metric,8,4003,4107,16964.679307334252,544.7034224070571,252.65241093752653,17762.035140678836,780.8424701690674,0.9551089823306075,0.030666723609817127,0.014224294059575347
resnet50_least_confidence_dual_metric,resnet50,least_confidence,dual_metric,9,4159,3951,17625.80595533429,524.013776157055,252.65241093752653,18402.472142428873,800.839123249054,0.957795551538758,0.02847518377429764,0.013729264686944386
resnet50_least_confidence_dual_metric,resnet50,least_confidence,dual_metric,10,4316,3794,18291.17059466766,503.1915039695528,252.65241093752653,19047.01450957474,830.4499340057373,0.9603169349964465,0.026418392431874486,0.013264672571678923
resnet50_least_confidence_dual_metric,resnet50,least_confidence,dual_metric,11,4470,3640,18943.821260001027,482.7671095945507,252.65241093752653,19679.240780533106,857.8904457092285,0.9626296802435812,0.024531795457887202,0.012838524298531512
resnet50_least_confidence_dual_metric,resnet50,least_confidence,dual_metric,12,4626,3484,19604.947908001064,462.0774633445485,252.65241093752653,20319.67778228314,897.8308520317078,0.9648257279500144,0.022740393243215543,0.012433878806770047
resnet50_least_confidence_dual_metric,resnet50,least_confidence,dual_metric,13,4781,3329,20261.836564667767,441.52044303204633,252.65241093752653,20956.00941863734,937.1314702033995,0.9668747594018446,0.021068917951495944,0.01205632264665947
resnet50_least_confidence_dual_metric,resnet50,least_confidence,dual_metric,14,4935,3175,20914.487230001134,421.0960486570442,252.65241093752653,21588.235689595705,944.6321513652802,0.9687909438602581,0.019505811160843885,0.011703244978897952
resnet50_least_confidence_dual_metric,resnet50,least_confidence,dual_metric,15,5085,3025,21550.18593000117,401.2021580320421,252.65241093752653,22204.040498970742,995.6113262176514,0.9705524510730432,0.018068880663888162,0.011378668263068522
resnet50_least_confidence_uncertainty_only,resnet50,least_confidence,uncertainty_only,1,1169,6941,4954.2118686669355,920.5614740890966,252.65241093752653,6127.425753693559,194.74955582618716,0.8085307056851043,0.15023625109356734,0.04123304322132828
resnet50_least_confidence_uncertainty_only,resnet50,least_confidence,uncertainty_only,2,1713,6397,7259.679154000394,848.412964089089,252.65241093752653,8360.74452902701,298.8107705116272,0.868305343955444,0.1014757670376784,0.030218889006877622
resnet50_least_confidence_uncertainty_only,resnet50,least_confidence,uncertainty_only,3,2144,5966,9086.25341866716,791.251185026583,252.65241093752653,10130.15701463127,407.3800036907196,0.8969508967673087,0.07810848182153117,0.02494062141116012
resnet50_least_confidence_uncertainty_only,resnet50,least_confidence,uncertainty_only,4,2509,5601,10633.12025533391,742.8427178390779,252.65241093752653,11628.615384110513,476.9501140117645,0.9143926343856156,0.06388058193532718,0.021726783679057265
resnet50_least_confidence_uncertainty_only,resnet50,least_confidence,uncertainty_only,5,2938,5172,12451.218537334009,685.9461906515719,252.65241093752653,13389.817138923107,540.6066648960114,0.9299020597629621,0.051228943870904875,0.01886899636613308
resnet50_least_confidence_uncertainty_only,resnet50,least_confidence,uncertainty_only,6,3262,4848,13824.327729334083,642.9753869015674,252.65241093752653,14719.955527173177,608.7031030654907,0.9391555364290499,0.04368052510176602,0.01716393846918408
resnet50_least_confidence_uncertainty_only,resnet50,least_confidence,uncertainty_only,7,3528,4582,14951.633424000811,607.6968875265637,252.65241093752653,15811.9827224649,648.1237990856171,0.9455887782345128,0.03843268097322023,0.01597854079226701
resnet50_least_confidence_uncertainty_only,resnet50,least_confidence,uncertainty_only,8,3743,4367,15862.801560667527,579.1823109640608,252.65241093752653,16694.636282569114,710.9507384300232,0.9501735343123284,0.0346927181377881,0.015133747549883501
resnet50_least_confidence_uncertainty_only,resnet50,least_confidence,uncertainty_only,9,3908,4202,16562.070130667566,557.2990312765585,252.65241093752653,17372.02157288165,756.933402299881,0.9533760973749624,0.03208026359733068,0.014543639027706827
resnet50_least_confidence_uncertainty_only,resnet50,least_confidence,uncertainty_only,10,4058,4052,17197.7688306676,537.4051406515564,252.65241093752653,17987.826382256684,762.5254008769989,0.956078208962012,0.029876046679083834,0.01404574435890401
resnet50_least_confidence_uncertainty_only,resnet50,least_confidence,uncertainty_only,11,4208,3902,17833.467530667636,517.5112500265543,252.65241093752653,18603.631191631717,770.4043822288513,0.9586014336109546,0.027817754754208477,0.013580811634836891
resnet50_least_confidence_uncertainty_only,resnet50,least_confidence,uncertainty_only,12,4358,3752,18469.16623066767,497.6173594015522,252.65241093752653,19219.43600100675,839.5490665435791,0.9609629663274313,0.02589136119163362,0.013145672480935034
resnet50_least_confidence_uncertainty_only,resnet50,least_confidence,uncertainty_only,13,4508,3602,19104.864930667703,477.72346877655013,252.65241093752653,19835.24081038178,845.205860376358,0.9631778667727695,0.024084581243223893,0.01273755198400657
resnet50_least_confidence_uncertainty_only,resnet50,least_confidence,uncertainty_only,14,4658,3452,19740.563630667737,457.82957815154805,252.65241093752653,20451.045619756813,834.5235469341278,0.9652593807525073,0.022386609793156983,0.012354009454335707
resnet50_least_confidence_uncertainty_only,resnet50,least_confidence,uncertainty_only,15,4808,3302,20376.262330667774,437.93568752654596,252.65241093752653,21066.85042913185,886.9991822242737,0.9672192053203591,0.020787905102366694,0.01199288957727404
resnet50_margin_dual_metric,resnet50,margin,dual_metric,1,1415,6695,5996.757736666992,887.9393486570932,252.65241093752653,7137.349496261612,201.6690678596497,0.8401939319081912,0.12440743571856422,0.03539863237324448
resnet50_margin_dual_metric,resnet50,margin,dual_metric,2,2089,6021,8853.163895333813,798.5494667820838,252.65241093752653,9904.365773053423,352.536438703537,0.8938647964133564,0.08062600726587447,0.025509196320769173
resnet50_margin_dual_metric,resnet50,margin,dual_metric,3,2622,5488,11112.013276000604,727.8598420945764,252.65241093752653,12092.525529032706,468.64572930336,0.9189158418001261,0.060190887366503555,0.020893270833370444
resnet50_margin_dual_metric,resnet50,margin,dual_metric,4,3042,5068,12891.9696360007,672.1569483445705,252.65241093752653,13816.778995282797,553.4250001907349,0.9330662117706423,0.048647875787406925,0.018285912441950825
resnet50_margin_dual_metric,resnet50,margin,dual_metric,5,3377,4733,14311.696732667444,627.7272592820659,252.65241093752653,15192.076402887036,630.1287698745728,0.9420500761796927,0.04131938535819734,0.016630538462109996
resnet50_margin_dual_metric,resnet50,margin,dual_metric,6,3714,4396,15739.899812000855,583.0323183445612,252.65241093752653,16575.584541282944,682.0195496082306,0.9495833931406314,0.03517416335408674,0.015242443505281734
resnet50_margin_dual_metric,resnet50,margin,dual_metric,7,3943,4167,16710.39982733424,552.660978657058,252.65241093752653,17515.713216928827,742.160092830658,0.9540233743484532,0.03155229660433779,0.014424329047208855
resnet50_margin_dual_metric,resnet50,margin,dual_metric,8,4101,4009,17380.002458000945,531.7060805320558,252.65241093752653,18164.360949470527,782.5519065856934,0.956818822657648,0.029271939817269183,0.013909237525082933
resnet50_margin_dual_metric,resnet50,margin,dual_metric,9,4258,3852,18045.367097334314,510.88380834455364,252.65241093752653,18808.903316616397,819.7310292720795,0.9594055960398525,0.027161807349672655,0.013432596610474634
resnet50_margin_dual_metric,resnet50,margin,dual_metric,10,4411,3699,18693.77977133435,490.5920399070515,252.65241093752653,19437.02422217893,841.8810274600983,0.9617614073868114,0.025240079669564517,0.012998512943624025
resnet50_margin_dual_metric,resnet50,margin,dual_metric,11,4567,3543,19354.906419334384,469.90239365704934,252.65241093752653,20077.46122392896,852.8920648097992,0.9640116448720413,0.02340447272770746,0.012583882400251248
resnet50_margin_dual_metric,resnet50,margin,dual_metric,12,4722,3388,20011.795076001086,449.34537334454717,252.65241093752653,20713.79286028316,879.1322226524353,0.9661096454417051,0.021693051406636715,0.012197303151658182
resnet50_margin_dual_metric,resnet50,margin,dual_metric,13,4872,3238,20647.49377600112,429.4514827195451,252.65241093752653,21329.597669658193,902.6746125221252,0.9680207801281043,0.020134063913003337,0.011845155958892274
resnet50_margin_dual_metric,resnet50,margin,dual_metric,14,5028,3082,21308.620424001158,408.7618364695429,252.65241093752653,21970.03467140823,939.5322511196136,0.9698947108049931,0.018605425188586752,0.011499864006419981
resnet50_margin_dual_metric,resnet50,margin,dual_metric,15,5180,2930,21952.795106667858,388.6026939695408,252.65241093752653,22594.050211574926,999.8864772319794,0.9716184084348651,0.01719933745081525,0.011182254114319563
resnet50_margin_uncertainty_only,resnet50,margin,uncertainty_only,1,1203,6907,5098.303574000277,916.0521922140961,252.65241093752653,6267.0081771519,235.06998682022092,0.8135147473698126,0.1461705755473267,0.04031467708286073
resnet50_margin_uncertainty_only,resnet50,margin,uncertainty_only,2,1865,6245,7903.8538366670955,828.2538215890869,252.65241093752653,8984.760069193708,369.43804812431335,0.8796955929593774,0.09218430043880008,0.028120106601822653
resnet50_margin_uncertainty_only,resnet50,margin,uncertainty_only,3,2363,5747,10014.37352066721,762.20610471408,252.65241093752653,11029.232036318816,493.6247379779816,0.9079846618232604,0.06910781296505197,0.022907525211687662
resnet50_margin_uncertainty_only,resnet50,margin,uncertainty_only,4,2872,5238,12171.511109333995,694.6995025265728,252.65241093752653,13118.863022798094,599.2352964878082,0.9277870413146488,0.05295424621168137,0.019258712473669753
resnet50_margin_uncertainty_only,resnet50,margin,uncertainty_only,5,3222,4888,13654.808076000741,648.280424401568,252.65241093752653,14555.740911339835,703.1114916801453,0.938104639205469,0.04453778260758385,0.017357578186947147
resnet50_margin_uncertainty_only,resnet50,margin,uncertainty_only,6,3499,4611,14828.731675334138,611.5430397140641,252.65241093752653,15692.927125985729,766.2871043682098,0.9449308950641477,0.038969341717098614,0.016099763218753654
resnet50_margin_uncertainty_only,resnet50,margin,uncertainty_only,7,3721,4389,15769.565751334188,582.100081589061,252.65241093752653,16604.318243860776,812.8187127113342,0.9497267831014244,0.03505715037738961,0.01521606652118592
resnet50_margin_uncertainty_only,resnet50,margin,uncertainty_only,8,3976,4134,16850.25354133425,548.2804675265575,252.65241093752653,17651.186419798334,853.4768302440643,0.9546244167720236,0.03106196118984854,0.01431362203812774
resnet50_margin_uncertainty_only,resnet50,margin,uncertainty_only,9,4126,3984,17485.952241334282,528.3865769015554,252.65241093752653,18266.991229173364,841.8632459640503,0.9572431508812617,0.028925758504646005,0.013831090614092325
resnet50_margin_uncertainty_only,resnet50,margin,uncertainty_only,10,4276,3834,18121.650941334316,508.4926862765534,252.65241093752653,18882.796038548397,853.4359793663025,0.9596910809363064,0.026928887291823096,0.013380031771870424
resnet50_margin_uncertainty_only,resnet50,margin,uncertainty_only,11,4426,3684,18757.349641334353,488.5987956515513,252.65241093752653,19498.600847923433,858.8998191356659,0.9619843899380082,0.025058146451753548,0.012957463610238145
resnet50_margin_uncertainty_only,resnet50,margin,uncertainty_only,12,4576,3534,19393.048341334386,468.7049050265492,252.65241093752653,20114.405657298463,881.4749004840851,0.9641372791095951,0.023301951497457285,0.012560769392947597
resnet50_margin_uncertainty_only,resnet50,margin,uncertainty_only,13,4726,3384,20028.74704133442,448.81101440154714,252.65241093752653,20730.210466673496,898.5355851650238,0.9661622622468417,0.021650094441784326,0.012187643311373904
resnet50_margin_uncertainty_only,resnet50,margin,uncertainty_only,14,4876,3234,20664.445741334453,428.91712377654505,252.65241093752653,21346.015276048525,924.1747238636016,0.968070409118519,0.020093545246255638,0.01183604563522529
resnet50_margin_uncertainty_only,resnet50,margin,uncertainty_only,15,5026,3084,21300.14444133449,409.02323315154297,252.65241093752653,21961.820085423562,969.587103843689,0.969871547917459,0.01862428667389998,0.011504165408640984
resnet50_mc_dropout_dual_metric,resnet50,mc_dropout,dual_metric,1,2214,5896,9382.91281200051,23610.422942919762,252.65241093752653,33245.988165857794,852.2387993335724,0.28222691908542397,0.7101735952359706,0.007599485678605569
resnet50_mc_dropout_dual_metric,resnet50,mc_dropout,dual_metric,2,3753,4357,15905.181474000863,17447.52817963532,252.65241093752653,33605.3620645737,1166.1771128177645,0.473292965671329,0.5191888171330925,0.007518217195578712
resnet50_mc_dropout_dual_metric,resnet50,mc_dropout,dual_metric,3,4394,3716,18621.733918667676,14880.656481607164,252.65241093752653,33755.04281121236,1433.9946556091309,0.5516726500042276,0.44084247100004503,0.007484878995727516
resnet50_mc_dropout_dual_metric,resnet50,mc_dropout,dual_metric,4,4845,3265,20533.068010001116,13074.63598892277,252.65241093752653,33860.35640986141,1534.510878324509,0.6064043674395913,0.38613403328250095,0.007461599277907915
resnet50_mc_dropout_dual_metric,resnet50,mc_dropout,dual_metric,5,5123,2987,21711.229600667844,11961.390541104007,252.65241093752653,33925.27255270938,1711.4919230937958,0.6399721495806794,0.35258052894106323,0.007447321478257333
resnet50_mc_dropout_dual_metric,resnet50,mc_dropout,dual_metric,6,5328,2782,22580.017824001225,11140.472135338374,252.65241093752653,33973.14237027712,1748.7308163642883,0.6646431930817308,0.32791997907985987,0.007436827838409509
resnet50_mc_dropout_dual_metric,resnet50,mc_dropout,dual_metric,7,5504,2606,23325.904298667934,10435.683650388366,252.65241093752653,34014.240359993826,1811.5681037902832,0.6857687854203242,0.30680337235055216,0.00742784222912372
resnet50_mc_dropout_dual_metric,resnet50,mc_dropout,dual_metric,8,5657,2453,23974.316972667966,9822.998206085234,252.65241093752653,34049.96758969072,1820.861205339432,0.7040922112339,0.28848774026614155,0.007420048499958687
resnet50_mc_dropout_dual_metric,resnet50,mc_dropout,dual_metric,9,5814,2296,24639.68161200134,9194.294841669602,252.65241093752653,34086.628864608465,1809.1059579849243,0.7228547507549002,0.2697331812479665,0.007412067997133356
resnet50_mc_dropout_dual_metric,resnet50,mc_dropout,dual_metric,10,5969,2141,25296.57026866804,8573.60043731022,252.65241093752653,34122.82311691579,1844.5413525104525,0.7413387275136597,0.2512570665074898,0.007404205978850518
resnet50_mc_dropout_dual_metric,resnet50,mc_dropout,dual_metric,11,6120,1990,25936.506960001407,7968.9239530633395,252.65241093752653,34158.08332400227,1890.265387058258,0.7593080300783824,0.2332954070483141,0.007396562873303615
resnet50_mc_dropout_dual_metric,resnet50,mc_dropout,dual_metric,12,6270,1840,26572.205660001444,7368.251948844582,252.65241093752653,34193.11001978355,1824.38266825676,0.7771216377985863,0.2154893762100446,0.007388985991369202
resnet50_mc_dropout_dual_metric,resnet50,mc_dropout,dual_metric,13,6425,1685,27229.094316668146,6747.5575444852,252.65241093752653,34229.30427209087,1893.7019963264463,0.7954907321581058,0.19712809500445716,0.007381172837437091
resnet50_mc_dropout_dual_metric,resnet50,mc_dropout,dual_metric,14,6575,1535,27864.79301666818,6146.885540266444,252.65241093752653,34264.33096787215,1975.7818393707275,0.8132303252264147,0.179396047336516,0.007373627437069334
resnet50_mc_dropout_dual_metric,resnet50,mc_dropout,dual_metric,15,6725,1385,28500.491716668213,5546.213536047687,252.65241093752653,34299.35766365343,1997.5509691238403,0.8309336867515104,0.161700215800978,0.007366097447511646
resnet50_mc_dropout_uncertainty_only,resnet50,mc_dropout,uncertainty_only,1,2014,6096,8535.314545333797,24411.31509335177,252.65241093752653,33199.28204962309,940.6549727916718,0.2570933471566051,0.7352964758955958,0.007610176947799233
resnet50_mc_dropout_uncertainty_only,resnet50,mc_dropout,uncertainty_only,2,3421,4689,14498.16835133412,18777.011693779834,252.65241093752653,33527.83245605148,1209.115301132202,0.4324218802494441,0.5600425174634499,0.007535602287105946
resnet50_mc_dropout_uncertainty_only,resnet50,mc_dropout,uncertainty_only,3,3962,4148,16790.921662667577,16610.587998564184,252.65241093752653,33654.16207216928,1431.323911190033,0.49892556013311157,0.49356712441521494,0.007507315451673673
resnet50_mc_dropout_uncertainty_only,resnet50,mc_dropout,uncertainty_only,4,4375,3735,18541.21208333434,14956.737746948542,252.65241093752653,33750.602241220404,1527.891687631607,0.5493594440424391,0.4431546921755822,0.007485863781978865
resnet50_mc_dropout_uncertainty_only,resnet50,mc_dropout,uncertainty_only,5,4704,3406,19935.51123200108,13639.263817695402,252.65241093752653,33827.42746063401,1617.4043607711792,0.5893298050879167,0.40320133221977406,0.007468862692309242
resnet50_mc_dropout_uncertainty_only,resnet50,mc_dropout,uncertainty_only,6,4948,3162,20969.58111733447,12662.17069083289,252.65241093752653,33884.40421910489,1705.804311752319,0.6188564208401011,0.37368727538947366,0.007456303770425295
resnet50_mc_dropout_uncertainty_only,resnet50,mc_dropout,uncertainty_only,7,5098,3012,21605.279817334507,12061.498686614133,252.65241093752653,33919.430914886165,1687.4360785484314,0.6369587942541994,0.35559260168249823,0.007448604063302411
resnet50_mc_dropout_uncertainty_only,resnet50,mc_dropout,uncertainty_only,8,5248,2862,22240.97851733454,11460.826682395378,252.65241093752653,33954.45761066744,1724.990792274475,0.6550238196220549,0.33753526013605767,0.007440920241887502
resnet50_mc_dropout_uncertainty_only,resnet50,mc_dropout,uncertainty_only,9,5398,2712,22876.677217334574,10860.154678176621,252.65241093752653,33989.48430644872,1747.7025907039642,0.673051612406907,0.3195151353360238,0.007433252257069154
resnet50_mc_dropout_uncertainty_only,resnet50,mc_dropout,uncertainty_only,10,5548,2562,23512.375917334608,10259.482673957864,252.65241093752653,34024.51100223,1761.1623549461365,0.6910422875965384,0.3015321123435234,0.007425600059938186
resnet50_mc_dropout_uncertainty_only,resnet50,mc_dropout,uncertainty_only,11,5698,2412,24148.074617334645,9658.810669739109,252.65241093752653,34059.53769801128,1796.5668268203735,0.7089959597057197,0.28358607669249375,0.007417963601786609
resnet50_mc_dropout_uncertainty_only,resnet50,mc_dropout,uncertainty_only,12,5848,2262,24783.77331733468,9058.138665520351,252.65241093752653,34094.564393792556,1823.7911791801453,0.7269127427786392,0.2656769143872542,0.007410342834106595
resnet50_mc_dropout_uncertainty_only,resnet50,mc_dropout,uncertainty_only,13,5998,2112,25419.472017334712,8457.466661301594,252.65241093752653,34129.59108957383,1826.598596572876,0.7447927503913181,0.24780451190009267,0.007402737708589446
resnet50_mc_dropout_uncertainty_only,resnet50,mc_dropout,uncertainty_only,14,6148,1962,26055.170717334746,7856.794657082837,252.65241093752653,34164.617785355105,1858.0584235191343,0.7626360956540094,0.2299687561688662,0.007395148177124572
resnet50_mc_dropout_uncertainty_only,resnet50,mc_dropout,uncertainty_only,15,6298,1812,26690.869417334783,7256.122652864081,252.65241093752653,34199.64448113639,1903.8611886501312,0.7804428912135842,0.21216953459461732,0.00738757419179848
