model,method,method_key,round,total_labels,labeled_count,accuracy,f1_macro,fn_rate_malignant,unsafe_auto_accepts
densenet169,BADGE,baseline_badge,1,1289,1779,0.6257217847769029,0.4034862132696024,0.2521489971346705,1067
densenet169,BADGE,baseline_badge,2,1798,2288,0.8083989501312336,0.6773491630270225,0.2234957020057306,921
densenet169,BADGE,baseline_badge,3,2300,2790,0.8330708661417323,0.7278901804703388,0.2693409742120344,768
densenet169,BADGE,baseline_badge,4,2758,3248,0.8551181102362204,0.7604464060127496,0.2893982808022922,616
densenet169,BADGE,baseline_badge,5,3123,3613,0.8519685039370078,0.7655639648346624,0.2320916905444126,535
densenet169,BADGE,baseline_badge,6,3343,3833,0.8724409448818897,0.769955370176221,0.2808022922636103,465
densenet169,BADGE,baseline_badge,7,3511,4001,0.8729658792650918,0.7577721467091347,0.2722063037249284,441
densenet169,BADGE,baseline_badge,8,3684,4174,0.8797900262467192,0.7818455413672515,0.2808022922636103,387
densenet169,BADGE,baseline_badge,9,3839,4329,0.8866141732283465,0.785755637814473,0.2750716332378223,340
densenet169,BADGE,baseline_badge,10,3998,4488,0.8881889763779528,0.7891313915446386,0.2550143266475644,311
densenet169,BADGE,baseline_badge,11,4156,4646,0.8971128608923884,0.8230949403864195,0.2263610315186246,277
densenet169,BADGE,baseline_badge,12,4310,4800,0.89501312335958,0.8010446284929813,0.2521489971346705,247
densenet169,BADGE,baseline_badge,13,4464,4954,0.8934383202099737,0.8138564870984091,0.2722063037249284,201
densenet169,BADGE,baseline_badge,14,4620,5110,0.8923884514435696,0.8249286005955749,0.2263610315186246,190
densenet169,BADGE,baseline_badge,15,4773,5263,0.8866141732283465,0.8069606000446152,0.1948424068767908,181
densenet169,CLUE,baseline_clue,1,1289,1779,0.6257217847769029,0.4034862132696024,0.2521489971346705,1089
densenet169,CLUE,baseline_clue,2,1798,2288,0.7753280839895013,0.6658881922025586,0.2406876790830945,946
densenet169,CLUE,baseline_clue,3,2300,2790,0.820997375328084,0.7348262687526633,0.2922636103151863,779
densenet169,CLUE,baseline_clue,4,2758,3248,0.8330708661417323,0.7476540185530747,0.2292263610315186,658
densenet169,CLUE,baseline_clue,5,3123,3613,0.85249343832021,0.7786300858351994,0.2722063037249284,565
densenet169,CLUE,baseline_clue,6,3343,3833,0.8519685039370078,0.7421691233633482,0.329512893982808,512
densenet169,CLUE,baseline_clue,7,3511,4001,0.8698162729658793,0.8118951277892076,0.2578796561604584,471
densenet169,CLUE,baseline_clue,8,3684,4174,0.8792650918635171,0.8038507178103504,0.2779369627507163,420
densenet169,CLUE,baseline_clue,9,3839,4329,0.8740157480314961,0.7715849029212892,0.2750716332378223,388
densenet169,CLUE,baseline_clue,10,3998,4488,0.8782152230971129,0.8057618956503896,0.2750716332378223,349
densenet169,CLUE,baseline_clue,11,4156,4646,0.8761154855643044,0.7747891321568522,0.3094555873925501,299
densenet169,CLUE,baseline_clue,12,4310,4800,0.8818897637795275,0.796724150061056,0.2292263610315186,275
densenet169,CLUE,baseline_clue,13,4464,4954,0.8913385826771654,0.7859753476296536,0.2636103151862464,246
densenet169,CLUE,baseline_clue,14,4620,5110,0.8829396325459318,0.7889270548915278,0.318051575931232,210
densenet169,CLUE,baseline_clue,15,4773,5263,0.8771653543307086,0.7691981201886897,0.2349570200573066,190
densenet169,CoreSet,baseline_coreset,1,1289,1779,0.6257217847769029,0.4034862132696024,0.2521489971346705,1062
densenet169,CoreSet,baseline_coreset,2,1798,2288,0.8141732283464567,0.6673098534382625,0.2464183381088825,962
densenet169,CoreSet,baseline_coreset,3,2300,2790,0.8351706036745407,0.7323869781834876,0.3008595988538682,832
densenet169,CoreSet,baseline_coreset,4,2758,3248,0.8551181102362204,0.7420450868015528,0.2664756446991404,745
densenet169,CoreSet,baseline_coreset,5,3123,3613,0.8719160104986876,0.7892876625457416,0.2607449856733524,666
densenet169,CoreSet,baseline_coreset,6,3343,3833,0.868766404199475,0.7898618787243132,0.2550143266475644,614
densenet169,CoreSet,baseline_coreset,7,3511,4001,0.8692913385826772,0.7809359188451912,0.2779369627507163,572
densenet169,CoreSet,baseline_coreset,8,3684,4174,0.8818897637795275,0.7914308497710786,0.2120343839541547,524
densenet169,CoreSet,baseline_coreset,9,3839,4329,0.8860892388451443,0.7925952463163543,0.2464183381088825,471
densenet169,CoreSet,baseline_coreset,10,3998,4488,0.8850393700787401,0.7937584550935709,0.2636103151862464,422
densenet169,CoreSet,baseline_coreset,11,4156,4646,0.8881889763779528,0.7899444458852561,0.2206303724928366,405
densenet169,CoreSet,baseline_coreset,12,4310,4800,0.8944881889763779,0.8255691248360909,0.2206303724928366,377
densenet169,CoreSet,baseline_coreset,13,4464,4954,0.8913385826771654,0.8009003511427534,0.2636103151862464,326
densenet169,CoreSet,baseline_coreset,14,4620,5110,0.8918635170603675,0.8075628738072833,0.2435530085959885,288
densenet169,CoreSet,baseline_coreset,15,4773,5263,0.8965879265091864,0.8046287887221268,0.2091690544412607,277
densenet169,VAAL,baseline_vaal,1,1289,1779,0.6257217847769029,0.4034862132696024,0.2521489971346705,1220
densenet169,VAAL,baseline_vaal,2,1798,2288,0.726509186351706,0.5431743673396172,0.2292263610315186,1080
densenet169,VAAL,baseline_vaal,3,2300,2790,0.7921259842519685,0.5994078316985485,0.2979942693409742,978
densenet169,VAAL,baseline_vaal,4,2758,3248,0.8078740157480315,0.6380850923218685,0.3467048710601719,864
densenet169,VAAL,baseline_vaal,5,3123,3613,0.8356955380577428,0.6713986875912882,0.2922636103151863,804
densenet169,VAAL,baseline_vaal,6,3343,3833,0.84251968503937,0.6766863835357247,0.329512893982808,759
densenet169,VAAL,baseline_vaal,7,3511,4001,0.847769028871391,0.7400242737100996,0.2779369627507163,711
densenet169,VAAL,baseline_vaal,8,3684,4174,0.8451443569553806,0.696759735045065,0.3151862464183381,687
densenet169,VAAL,baseline_vaal,9,3839,4329,0.8551181102362204,0.7420756391675237,0.2979942693409742,685
densenet169,VAAL,baseline_vaal,10,3998,4488,0.8414698162729659,0.6936002163668079,0.3237822349570201,636
densenet169,VAAL,baseline_vaal,11,4156,4646,0.8545931758530184,0.7542399928548192,0.3065902578796561,617
densenet169,VAAL,baseline_vaal,12,4310,4800,0.8561679790026246,0.7384213283858568,0.2779369627507163,591
densenet169,VAAL,baseline_vaal,13,4464,4954,0.8661417322834646,0.7677330775852944,0.2779369627507163,590
densenet169,VAAL,baseline_vaal,14,4620,5110,0.8593175853018372,0.7666610943881712,0.3037249283667622,560
densenet169,VAAL,baseline_vaal,15,4773,5263,0.863517060367454,0.7400337055218126,0.2865329512893982,526
densenet169,Dual-metric (ours),entropy_dual_metric,1,1289,1779,0.6010498687664042,0.3933144363892912,0.2664756446991404,995
densenet169,Dual-metric (ours),entropy_dual_metric,2,1798,2288,0.7805774278215223,0.608733648153906,0.2664756446991404,767
densenet169,Dual-metric (ours),entropy_dual_metric,3,2300,2790,0.8220472440944881,0.6555914601879154,0.3553008595988539,581
densenet169,Dual-metric (ours),entropy_dual_metric,4,2758,3248,0.8503937007874016,0.7279918139992417,0.2951289398280802,444
densenet169,Dual-metric (ours),entropy_dual_metric,5,3123,3613,0.8708661417322835,0.7737093578018693,0.2636103151862464,345
densenet169,Dual-metric (ours),entropy_dual_metric,6,3343,3833,0.8750656167979003,0.7753057581187688,0.2664756446991404,280
densenet169,Dual-metric (ours),entropy_dual_metric,7,3511,4001,0.883989501312336,0.7880824721930991,0.2521489971346705,232
densenet169,Dual-metric (ours),entropy_dual_metric,8,3684,4174,0.8824146981627297,0.7844428452998697,0.2693409742120344,188
densenet169,Dual-metric (ours),entropy_dual_metric,9,3839,4329,0.884514435695538,0.801759196406166,0.2492836676217765,168
densenet169,Dual-metric (ours),entropy_dual_metric,10,3998,4488,0.889763779527559,0.7974212559250974,0.2693409742120344,128
densenet169,Dual-metric (ours),entropy_dual_metric,11,4156,4646,0.8971128608923884,0.8100348115142845,0.1891117478510028,110
densenet169,Dual-metric (ours),entropy_dual_metric,12,4310,4800,0.8855643044619422,0.8143796919813845,0.2120343839541547,90
densenet169,Dual-metric (ours),entropy_dual_metric,13,4464,4954,0.889763779527559,0.7801235027216011,0.2177650429799427,73
densenet169,Dual-metric (ours),entropy_dual_metric,14,4620,5110,0.8850393700787401,0.7946153339074787,0.1862464183381088,54
densenet169,Dual-metric (ours),entropy_dual_metric,15,4773,5263,0.889763779527559,0.8166412846028936,0.1977077363896848,40
densenet169,Uncertainty-only,entropy_uncertainty_only,1,1070,1560,0.6010498687664042,0.3933144363892912,0.2664756446991404,1185
densenet169,Uncertainty-only,entropy_uncertainty_only,2,1571,2061,0.7742782152230971,0.5796485095321481,0.2492836676217765,1029
densenet169,Uncertainty-only,entropy_uncertainty_only,3,1976,2466,0.8220472440944881,0.6963476161794547,0.2865329512893982,870
densenet169,Uncertainty-only,entropy_uncertainty_only,4,2310,2800,0.8467191601049868,0.7048830630728757,0.3094555873925501,766
densenet169,Uncertainty-only,entropy_uncertainty_only,5,2708,3198,0.8535433070866142,0.7473178899114156,0.2893982808022922,661
densenet169,Uncertainty-only,entropy_uncertainty_only,6,2994,3484,0.8661417322834646,0.7583691855719452,0.2607449856733524,582
densenet169,Uncertainty-only,entropy_uncertainty_only,7,3218,3708,0.8666666666666667,0.7814941212199665,0.2492836676217765,509
densenet169,Uncertainty-only,entropy_uncertainty_only,8,3408,3898,0.8792650918635171,0.7689676885886078,0.2378223495702005,462
densenet169,Uncertainty-only,entropy_uncertainty_only,9,3584,4074,0.8850393700787401,0.7851217923995916,0.2206303724928366,431
densenet169,Uncertainty-only,entropy_uncertainty_only,10,3734,4224,0.8834645669291339,0.7961774206677299,0.2550143266475644,378
densenet169,Uncertainty-only,entropy_uncertainty_only,11,3884,4374,0.8808398950131233,0.7823670482226738,0.2607449856733524,352
densenet169,Uncertainty-only,entropy_uncertainty_only,12,4034,4524,0.8871391076115486,0.8186992123156863,0.2120343839541547,320
densenet169,Uncertainty-only,entropy_uncertainty_only,13,4184,4674,0.8934383202099737,0.8056536111360685,0.2034383954154728,271
densenet169,Uncertainty-only,entropy_uncertainty_only,14,4334,4824,0.8892388451443569,0.8012859092404163,0.2320916905444126,240
densenet169,Uncertainty-only,entropy_uncertainty_only,15,4484,4974,0.8876640419947507,0.81923354466989,0.2292263610315186,219
efficientnet_b4,BADGE,baseline_badge,1,1414,1904,0.1742782152230971,0.1346969259366327,0.2750716332378223,1125
efficientnet_b4,BADGE,baseline_badge,2,1915,2405,0.6640419947506562,0.439657447035386,0.2636103151862464,1017
efficientnet_b4,BADGE,baseline_badge,3,2095,2585,0.7433070866141732,0.5443452982749256,0.3381088825214899,963
efficientnet_b4,BADGE,baseline_badge,4,2268,2758,0.7643044619422572,0.6117359511266718,0.2722063037249284,916
efficientnet_b4,BADGE,baseline_badge,5,2428,2918,0.7973753280839895,0.6534548700540406,0.2664756446991404,858
efficientnet_b4,BADGE,baseline_badge,6,2590,3080,0.8167979002624672,0.6985152750521678,0.2578796561604584,810
efficientnet_b4,BADGE,baseline_badge,7,2750,3240,0.8377952755905512,0.717192553180405,0.2722063037249284,759
efficientnet_b4,BADGE,baseline_badge,8,2907,3397,0.8246719160104987,0.7084298280142836,0.2893982808022922,718
efficientnet_b4,BADGE,baseline_badge,9,3061,3551,0.8461942257217848,0.7428507455700124,0.3065902578796561,672
efficientnet_b4,BADGE,baseline_badge,10,3215,3705,0.8498687664041995,0.7337716120182503,0.2779369627507163,633
efficientnet_b4,BADGE,baseline_badge,11,3370,3860,0.8593175853018372,0.7700632622467525,0.2722063037249284,588
efficientnet_b4,BADGE,baseline_badge,12,3520,4010,0.8598425196850393,0.7753513149694398,0.2722063037249284,537
efficientnet_b4,BADGE,baseline_badge,13,3671,4161,0.8619422572178478,0.7665846361050159,0.2922636103151863,497
efficientnet_b4,BADGE,baseline_badge,14,3825,4315,0.8572178477690289,0.766139114952348,0.2893982808022922,451
efficientnet_b4,BADGE,baseline_badge,15,3976,4466,0.8603674540682414,0.756880058255695,0.2722063037249284,419
efficientnet_b4,CLUE,baseline_clue,1,1414,1904,0.1742782152230971,0.1346969259366327,0.2750716332378223,1154
efficientnet_b4,CLUE,baseline_clue,2,1915,2405,0.6451443569553805,0.4453023333354274,0.2148997134670487,1046
efficientnet_b4,CLUE,baseline_clue,3,2095,2585,0.726509186351706,0.5303044659345254,0.2808022922636103,1001
efficientnet_b4,CLUE,baseline_clue,4,2268,2758,0.731758530183727,0.6166354332348043,0.2063037249283667,946
efficientnet_b4,CLUE,baseline_clue,5,2428,2918,0.7564304461942257,0.6348707802577913,0.2292263610315186,907
efficientnet_b4,CLUE,baseline_clue,6,2590,3080,0.794750656167979,0.6718078653867963,0.2636103151862464,872
efficientnet_b4,CLUE,baseline_clue,7,2750,3240,0.8204724409448819,0.6983351765891105,0.2521489971346705,828
efficientnet_b4,CLUE,baseline_clue,8,2907,3397,0.8204724409448819,0.7186742635066954,0.2320916905444126,791
efficientnet_b4,CLUE,baseline_clue,9,3061,3551,0.836745406824147,0.7399382998137147,0.2836676217765043,751
efficientnet_b4,CLUE,baseline_clue,10,3215,3705,0.8388451443569553,0.7388120691627472,0.2292263610315186,711
efficientnet_b4,CLUE,baseline_clue,11,3370,3860,0.847769028871391,0.768295440183265,0.2349570200573066,662
efficientnet_b4,CLUE,baseline_clue,12,3520,4010,0.8461942257217848,0.7453406235763635,0.2607449856733524,617
efficientnet_b4,CLUE,baseline_clue,13,3671,4161,0.8561679790026246,0.7746681784723014,0.2263610315186246,581
efficientnet_b4,CLUE,baseline_clue,14,3825,4315,0.8582677165354331,0.758190529095188,0.3409742120343839,517
efficientnet_b4,CLUE,baseline_clue,15,3976,4466,0.8619422572178478,0.769999485456953,0.2005730659025787,489
efficientnet_b4,CoreSet,baseline_coreset,1,1414,1904,0.1742782152230971,0.1346969259366327,0.2750716332378223,1132
efficientnet_b4,CoreSet,baseline_coreset,2,1915,2405,0.6351706036745407,0.4045174633593809,0.2636103151862464,1024
efficientnet_b4,CoreSet,baseline_coreset,3,2095,2585,0.731758530183727,0.5162064557530642,0.3209169054441261,955
efficientnet_b4,CoreSet,baseline_coreset,4,2268,2758,0.7627296587926509,0.6044706377260443,0.2206303724928366,905
efficientnet_b4,CoreSet,baseline_coreset,5,2428,2918,0.800524934383202,0.6371577849108446,0.2550143266475644,835
efficientnet_b4,CoreSet,baseline_coreset,6,2590,3080,0.815748031496063,0.6953419935703149,0.2550143266475644,756
efficientnet_b4,CoreSet,baseline_coreset,7,2750,3240,0.8251968503937008,0.6987663274914305,0.2464183381088825,686
efficientnet_b4,CoreSet,baseline_coreset,8,2907,3397,0.8383202099737532,0.7366939144312982,0.2550143266475644,620
efficientnet_b4,CoreSet,baseline_coreset,9,3061,3551,0.8535433070866142,0.7596389733353711,0.2607449856733524,532
efficientnet_b4,CoreSet,baseline_coreset,10,3215,3705,0.8656167979002625,0.7726874644838189,0.2464183381088825,495
efficientnet_b4,CoreSet,baseline_coreset,11,3370,3860,0.8661417322834646,0.7810498757148654,0.2664756446991404,460
efficientnet_b4,CoreSet,baseline_coreset,12,3520,4010,0.8750656167979003,0.7937570413318991,0.2750716332378223,420
efficientnet_b4,CoreSet,baseline_coreset,13,3671,4161,0.8719160104986876,0.7944627945131303,0.2578796561604584,399
efficientnet_b4,CoreSet,baseline_coreset,14,3825,4315,0.8813648293963254,0.7861435717378517,0.3237822349570201,343
efficientnet_b4,CoreSet,baseline_coreset,15,3976,4466,0.8776902887139107,0.776712761912812,0.2578796561604584,331
efficientnet_b4,VAAL,baseline_vaal,1,1414,1904,0.1742782152230971,0.1346969259366327,0.2750716332378223,1107
efficientnet_b4,VAAL,baseline_vaal,2,1915,2405,0.6803149606299213,0.4611650193427854,0.326647564469914,1030
efficientnet_b4,VAAL,baseline_vaal,3,2095,2585,0.694488188976378,0.5096241132955984,0.2922636103151863,973
efficientnet_b4,VAAL,baseline_vaal,4,2268,2758,0.7343832020997375,0.5729288443348735,0.2951289398280802,931
efficientnet_b4,VAAL,baseline_vaal,5,2428,2918,0.7543307086614173,0.6050069479100155,0.2750716332378223,912
efficientnet_b4,VAAL,baseline_vaal,6,2590,3080,0.7900262467191601,0.6395832666110014,0.2979942693409742,895
efficientnet_b4,VAAL,baseline_vaal,7,2750,3240,0.7968503937007874,0.6508677524230134,0.2607449856733524,858
efficientnet_b4,VAAL,baseline_vaal,8,2907,3397,0.8020997375328084,0.6648726161666983,0.2808022922636103,856
efficientnet_b4,VAAL,baseline_vaal,9,3061,3551,0.8131233595800524,0.6785003247947884,0.2750716332378223,812
efficientnet_b4,VAAL,baseline_vaal,10,3215,3705,0.8146981627296588,0.6910704689134389,0.2378223495702005,786
efficientnet_b4,VAAL,baseline_vaal,11,3370,3860,0.8278215223097113,0.6966923738848745,0.2378223495702005,750
efficientnet_b4,VAAL,baseline_vaal,12,3520,4010,0.8335958005249344,0.7042552019413651,0.2808022922636103,729
efficientnet_b4,VAAL,baseline_vaal,13,3671,4161,0.8362204724409449,0.7148228054630759,0.2550143266475644,728
efficientnet_b4,VAAL,baseline_vaal,14,3825,4315,0.8535433070866142,0.7062958899340555,0.3381088825214899,706
efficientnet_b4,VAAL,baseline_vaal,15,3976,4466,0.8435695538057743,0.7128003481668853,0.2607449856733524,672
efficientnet_b4,Dual-metric (ours),entropy_dual_metric,1,1414,1904,0.2530183727034121,0.159064827415595,0.2349570200573066,1011
efficientnet_b4,Dual-metric (ours),entropy_dual_metric,2,1915,2405,0.6482939632545932,0.4168497267434761,0.2979942693409742,809
efficientnet_b4,Dual-metric (ours),entropy_dual_metric,3,2095,2585,0.7312335958005249,0.5257018884702723,0.3008595988538682,727
efficientnet_b4,Dual-metric (ours),entropy_dual_metric,4,2268,2758,0.7695538057742782,0.5790213959439795,0.2722063037249284,647
efficientnet_b4,Dual-metric (ours),entropy_dual_metric,5,2428,2918,0.8036745406824147,0.6519091290091968,0.2808022922636103,597
efficientnet_b4,Dual-metric (ours),entropy_dual_metric,6,2590,3080,0.8178477690288714,0.6639503376125722,0.2979942693409742,532
efficientnet_b4,Dual-metric (ours),entropy_dual_metric,7,2750,3240,0.8188976377952756,0.6822328927696789,0.2693409742120344,487
efficientnet_b4,Dual-metric (ours),entropy_dual_metric,8,2907,3397,0.84251968503937,0.7416649305162837,0.2464183381088825,444
efficientnet_b4,Dual-metric (ours),entropy_dual_metric,9,3061,3551,0.8451443569553806,0.7409708135106773,0.2607449856733524,400
efficientnet_b4,Dual-metric (ours),entropy_dual_metric,10,3215,3705,0.8388451443569553,0.7433669182268493,0.2607449856733524,363
efficientnet_b4,Dual-metric (ours),entropy_dual_metric,11,3370,3860,0.857742782152231,0.7563285619684265,0.2664756446991404,327
efficientnet_b4,Dual-metric (ours),entropy_dual_metric,12,3520,4010,0.8514435695538057,0.7519484362579469,0.2292263610315186,310
efficientnet_b4,Dual-metric (ours),entropy_dual_metric,13,3671,4161,0.8661417322834646,0.7673253546656633,0.2636103151862464,274
efficientnet_b4,Dual-metric (ours),entropy_dual_metric,14,3825,4315,0.868766404199475,0.7757846222025425,0.329512893982808,225
efficientnet_b4,Dual-metric (ours),entropy_dual_metric,15,3976,4466,0.8745406824146982,0.7867847886572735,0.2435530085959885,209
efficientnet_b4,Uncertainty-only,entropy_uncertainty_only,1,1068,1558,0.2530183727034121,0.159064827415595,0.2349570200573066,1229
efficientnet_b4,Uncertainty-only,entropy_uncertainty_only,2,1406,1896,0.6146981627296588,0.3776975808102921,0.2722063037249284,1139
efficientnet_b4,Uncertainty-only,entropy_uncertainty_only,3,1556,2046,0.710236220472441,0.4848483949940472,0.2750716332378223,1088
efficientnet_b4,Uncertainty-only,entropy_uncertainty_only,4,1706,2196,0.7417322834645669,0.5383854498915894,0.3037249283667622,1025
efficientnet_b4,Uncertainty-only,entropy_uncertainty_only,5,1856,2346,0.7805774278215223,0.5969547701618263,0.2922636103151863,958
efficientnet_b4,Uncertainty-only,entropy_uncertainty_only,6,2006,2496,0.8089238845144356,0.6362834758075856,0.2464183381088825,900
efficientnet_b4,Uncertainty-only,entropy_uncertainty_only,7,2156,2646,0.8125984251968504,0.6799847136582212,0.2349570200573066,850
efficientnet_b4,Uncertainty-only,entropy_uncertainty_only,8,2306,2796,0.8383202099737532,0.7154349066530371,0.2693409742120344,793
efficientnet_b4,Uncertainty-only,entropy_uncertainty_only,9,2456,2946,0.8356955380577428,0.7165039905504551,0.2722063037249284,745
efficientnet_b4,Uncertainty-only,entropy_uncertainty_only,10,2606,3096,0.841994750656168,0.7153621228275274,0.2951289398280802,692
efficientnet_b4,Uncertainty-only,entropy_uncertainty_only,11,2756,3246,0.8435695538057743,0.7174910626380739,0.2435530085959885,655
efficientnet_b4,Uncertainty-only,entropy_uncertainty_only,12,2906,3396,0.8509186351706036,0.7155058853953049,0.2492836676217765,615
efficientnet_b4,Uncertainty-only,entropy_uncertainty_only,13,3056,3546,0.8593175853018372,0.7241361602204686,0.2693409742120344,580
efficientnet_b4,Uncertainty-only,entropy_uncertainty_only,14,3206,3696,0.8561679790026246,0.7460409033912532,0.2435530085959885,554
efficientnet_b4,Uncertainty-only,entropy_uncertainty_only,15,3356,3846,0.8503937007874016,0.7487771967964997,0.2435530085959885,523
resnet50,BADGE,baseline_badge,1,810,1300,0.5364829396325459,0.3218203902439265,0.2578796561604584,1229
resnet50,BADGE,baseline_badge,2,1394,1884,0.7412073490813649,0.5410078141358315,0.2750716332378223,1061
resnet50,BADGE,baseline_badge,3,1795,2285,0.8120734908136483,0.6652890849624391,0.2922636103151863,941
resnet50,BADGE,baseline_badge,4,2323,2813,0.8309711286089239,0.6973644209233015,0.3008595988538682,783
resnet50,BADGE,baseline_badge,5,2740,3230,0.8467191601049868,0.7258518593292637,0.2550143266475644,668
resnet50,BADGE,baseline_badge,6,3105,3595,0.8572178477690289,0.7331194132533981,0.2636103151862464,569
resnet50,BADGE,baseline_badge,7,3377,3867,0.8671916010498688,0.7367147002347982,0.2435530085959885,484
resnet50,BADGE,baseline_badge,8,3586,4076,0.8740157480314961,0.7773392240155911,0.2234957020057306,425
resnet50,BADGE,baseline_badge,9,3755,4245,0.8724409448818897,0.7749576317619198,0.2378223495702005,387
resnet50,BADGE,baseline_badge,10,3910,4400,0.8829396325459318,0.7749547545260123,0.2435530085959885,350
resnet50,BADGE,baseline_badge,11,4062,4552,0.8818897637795275,0.792991573292075,0.2263610315186246,308
resnet50,BADGE,baseline_badge,12,4217,4707,0.8929133858267716,0.8046986236338657,0.2206303724928366,272
resnet50,BADGE,baseline_badge,13,4373,4863,0.8834645669291339,0.7965628080999377,0.2292263610315186,255
resnet50,BADGE,baseline_badge,14,4526,5016,0.883989501312336,0.7948182877208476,0.2320916905444126,238
resnet50,BADGE,baseline_badge,15,4678,5168,0.8929133858267716,0.7992718542752163,0.2234957020057306,224
resnet50,CLUE,baseline_clue,1,810,1300,0.5364829396325459,0.3218203902439265,0.2578796561604584,1256
resnet50,CLUE,baseline_clue,2,1394,1884,0.7228346456692913,0.5405532057593809,0.2922636103151863,1092
resnet50,CLUE,baseline_clue,3,1795,2285,0.8131233595800524,0.6816994148915357,0.2636103151862464,961
resnet50,CLUE,baseline_clue,4,2323,2813,0.8362204724409449,0.7454994290104043,0.2836676217765043,801
resnet50,CLUE,baseline_clue,5,2740,3230,0.8440944881889764,0.7434714500941195,0.2836676217765043,690
resnet50,CLUE,baseline_clue,6,3105,3595,0.8551181102362204,0.7401028485808139,0.2664756446991404,587
resnet50,CLUE,baseline_clue,7,3377,3867,0.8624671916010499,0.7759845435348921,0.2292263610315186,501
resnet50,CLUE,baseline_clue,8,3586,4076,0.8750656167979003,0.7822029453305165,0.2406876790830945,450
resnet50,CLUE,baseline_clue,9,3755,4245,0.8797900262467192,0.7857794278086646,0.2234957020057306,411
resnet50,CLUE,baseline_clue,10,3910,4400,0.8834645669291339,0.8062488747216855,0.2206303724928366,371
resnet50,CLUE,baseline_clue,11,4062,4552,0.8876640419947507,0.8003934410179067,0.2034383954154728,335
resnet50,CLUE,baseline_clue,12,4217,4707,0.884514435695538,0.7891270695442661,0.2234957020057306,303
resnet50,CLUE,baseline_clue,13,4373,4863,0.8850393700787401,0.7945663230887272,0.2578796561604584,268
resnet50,CLUE,baseline_clue,14,4526,5016,0.8965879265091864,0.7956183017340971,0.2034383954154728,241
resnet50,CLUE,baseline_clue,15,4678,5168,0.8834645669291339,0.7989916902394596,0.2378223495702005,214
resnet50,CoreSet,baseline_coreset,1,810,1300,0.5364829396325459,0.3218203902439265,0.2578796561604584,1228
resnet50,CoreSet,baseline_coreset,2,1394,1884,0.7611548556430446,0.539695054610328,0.2922636103151863,1074
resnet50,CoreSet,baseline_coreset,3,1795,2285,0.8341207349081364,0.6643051228088563,0.2779369627507163,974
resnet50,CoreSet,baseline_coreset,4,2323,2813,0.8398950131233596,0.703405767501706,0.2607449856733524,817
resnet50,CoreSet,baseline_coreset,5,2740,3230,0.8545931758530184,0.7593952243537301,0.2263610315186246,723
resnet50,CoreSet,baseline_coreset,6,3105,3595,0.8545931758530184,0.7217359402200759,0.2034383954154728,648
resnet50,CoreSet,baseline_coreset,7,3377,3867,0.8724409448818897,0.775836703041703,0.2091690544412607,592
resnet50,CoreSet,baseline_coreset,8,3586,4076,0.8792650918635171,0.797259434369397,0.2464183381088825,535
resnet50,CoreSet,baseline_coreset,9,3755,4245,0.873490813648294,0.7782845504362124,0.2550143266475644,498
resnet50,CoreSet,baseline_coreset,10,3910,4400,0.8813648293963254,0.791989786230662,0.2349570200573066,462
resnet50,CoreSet,baseline_coreset,11,4062,4552,0.8892388451443569,0.8128117726531023,0.2263610315186246,450
resnet50,CoreSet,baseline_coreset,12,4217,4707,0.8850393700787401,0.7783921116629596,0.2349570200573066,431
resnet50,CoreSet,baseline_coreset,13,4373,4863,0.8782152230971129,0.7970341365074957,0.2406876790830945,398
resnet50,CoreSet,baseline_coreset,14,4526,5016,0.8887139107611548,0.8132491489845857,0.2177650429799427,380
resnet50,CoreSet,baseline_coreset,15,4678,5168,0.8855643044619422,0.7945977224012906,0.2177650429799427,365
resnet50,VAAL,baseline_vaal,1,810,1300,0.5364829396325459,0.3218203902439265,0.2578796561604584,1295
resnet50,VAAL,baseline_vaal,2,1394,1884,0.637270341207349,0.4513228768923777,0.2893982808022922,1179
resnet50,VAAL,baseline_vaal,3,1795,2285,0.726509186351706,0.5131165630830717,0.3467048710601719,1108
resnet50,VAAL,baseline_vaal,4,2323,2813,0.794750656167979,0.5893300802026066,0.2893982808022922,964
resnet50,VAAL,baseline_vaal,5,2740,3230,0.8078740157480315,0.6626914357544134,0.2406876790830945,950
resnet50,VAAL,baseline_vaal,6,3105,3595,0.8031496062992126,0.663748982677171,0.3065902578796561,880
resnet50,VAAL,baseline_vaal,7,3377,3867,0.8220472440944881,0.6576224366826925,0.326647564469914,814
resnet50,VAAL,baseline_vaal,8,3586,4076,0.8272965879265092,0.676721126978837,0.3409742120343839,772
resnet50,VAAL,baseline_vaal,9,3755,4245,0.8446194225721785,0.7418801365969961,0.2750716332378223,751
resnet50,VAAL,baseline_vaal,10,3910,4400,0.8482939632545932,0.7084233796517427,0.2922636103151863,721
resnet50,VAAL,baseline_vaal,11,4062,4552,0.8440944881889764,0.7137071057754973,0.2893982808022922,683
resnet50,VAAL,baseline_vaal,12,4217,4707,0.8461942257217848,0.7319641066880787,0.2750716332378223,682
resnet50,VAAL,baseline_vaal,13,4373,4863,0.8493438320209974,0.7053427076514546,0.2578796561604584,648
resnet50,VAAL,baseline_vaal,14,4526,5016,0.8514435695538057,0.7275478828333607,0.2607449856733524,609
resnet50,VAAL,baseline_vaal,15,4678,5168,0.8446194225721785,0.7176723182048264,0.3065902578796561,572
resnet50,Dual-metric (ours),entropy_dual_metric,1,810,1300,0.5779527559055118,0.331843754901885,0.3237822349570201,1099
resnet50,Dual-metric (ours),entropy_dual_metric,2,1394,1884,0.7490813648293964,0.5476554518425756,0.329512893982808,867
resnet50,Dual-metric (ours),entropy_dual_metric,3,1795,2285,0.7984251968503937,0.6161856347161689,0.318051575931232,692
resnet50,Dual-metric (ours),entropy_dual_metric,4,2323,2813,0.8283464566929134,0.6820800993085528,0.3409742120343839,511
resnet50,Dual-metric (ours),entropy_dual_metric,5,2740,3230,0.8409448818897638,0.6840702583082316,0.335243553008596,387
resnet50,Dual-metric (ours),entropy_dual_metric,6,3105,3595,0.8619422572178478,0.7416967206099522,0.3094555873925501,294
resnet50,Dual-metric (ours),entropy_dual_metric,7,3377,3867,0.8692913385826772,0.7766308564686052,0.2808022922636103,230
resnet50,Dual-metric (ours),entropy_dual_metric,8,3586,4076,0.863517060367454,0.7575790138409141,0.3438395415472779,190
resnet50,Dual-metric (ours),entropy_dual_metric,9,3755,4245,0.8766404199475065,0.7838034613717415,0.2492836676217765,158
resnet50,Dual-metric (ours),entropy_dual_metric,10,3910,4400,0.8824146981627297,0.789460713256311,0.2578796561604584,135
resnet50,Dual-metric (ours),entropy_dual_metric,11,4062,4552,0.8850393700787401,0.7845726302673419,0.2406876790830945,112
resnet50,Dual-metric (ours),entropy_dual_metric,12,4217,4707,0.8881889763779528,0.8021708246271422,0.2664756446991404,87
resnet50,Dual-metric (ours),entropy_dual_metric,13,4373,4863,0.8881889763779528,0.7958073281318166,0.2349570200573066,72
resnet50,Dual-metric (ours),entropy_dual_metric,14,4526,5016,0.8944881889763779,0.8005313133063657,0.2292263610315186,61
resnet50,Dual-metric (ours),entropy_dual_metric,15,4678,5168,0.8986876640419947,0.8103664162570544,0.2206303724928366,50
resnet50,Uncertainty-only,entropy_uncertainty_only,1,585,1075,0.5779527559055118,0.331843754901885,0.3237822349570201,1282
resnet50,Uncertainty-only,entropy_uncertainty_only,2,1014,1504,0.7480314960629921,0.5266834530446219,0.3065902578796561,1120
resnet50,Uncertainty-only,entropy_uncertainty_only,3,1270,1760,0.7679790026246719,0.5463116756717663,0.329512893982808,1017
resnet50,Uncertainty-only,entropy_uncertainty_only,4,1630,2120,0.8141732283464567,0.6122858533838313,0.3094555873925501,898
resnet50,Uncertainty-only,entropy_uncertainty_only,5,2143,2633,0.8278215223097113,0.6658051398795026,0.332378223495702,754
resnet50,Uncertainty-only,entropy_uncertainty_only,6,2571,3061,0.8451443569553806,0.7225875046663025,0.3209169054441261,646
resnet50,Uncertainty-only,entropy_uncertainty_only,7,2916,3406,0.8598425196850393,0.7478609243658326,0.3008595988538682,556
resnet50,Uncertainty-only,entropy_uncertainty_only,8,3163,3653,0.8619422572178478,0.7472102366799217,0.3151862464183381,483
resnet50,Uncertainty-only,entropy_uncertainty_only,9,3349,3839,0.883989501312336,0.7836184682189671,0.2320916905444126,451
resnet50,Uncertainty-only,entropy_uncertainty_only,10,3534,4024,0.8740157480314961,0.7481806273324391,0.2722063037249284,420
resnet50,Uncertainty-only,entropy_uncertainty_only,11,3684,4174,0.8866141732283465,0.801917238306172,0.2464183381088825,391
resnet50,Uncertainty-only,entropy_uncertainty_only,12,3834,4324,0.8782152230971129,0.7731411458637175,0.2636103151862464,367
resnet50,Uncertainty-only,entropy_uncertainty_only,13,3984,4474,0.8992125984251969,0.7988254894535075,0.2292263610315186,340
resnet50,Uncertainty-only,entropy_uncertainty_only,14,4134,4624,0.8934383202099737,0.8108189813753643,0.2148997134670487,314
resnet50,Uncertainty-only,entropy_uncertainty_only,15,4284,4774,0.8934383202099737,0.7960523129162121,0.2406876790830945,288
