model,method,policy,population,n,n_malignant,auc_risk_head,auc_summed_probs,mean_risk_head,mean_summed_probs,frac_flagged_risk_head_at_0.5,frac_flagged_summed_at_0.5
densenet169,entropy,dual_metric,all_images,1905,349,0.9559547660963016,0.9572778633038943,,,,
densenet169,entropy,dual_metric,misclassified,210,86,0.41597899474868716,0.397880720180045,,,,
densenet169,entropy,dual_metric,confidently_misclassified,117,53,0.41715801886792453,0.4097877358490566,,,,
densenet169,entropy,dual_metric,false_negatives_only,69,69,,,0.12050433181243948,0.08735861049815961,0.07246376811594203,0.0
densenet169,entropy,uncertainty_only,all_images,1905,349,0.9505970050308999,0.9482693851695259,,,,
densenet169,entropy,uncertainty_only,misclassified,214,98,0.3770232230823364,0.3399014778325123,,,,
densenet169,entropy,uncertainty_only,confidently_misclassified,122,61,0.24187046492878259,0.23649556570814298,,,,
densenet169,entropy,uncertainty_only,false_negatives_only,80,80,,,0.12580557669788775,0.09132312904372036,0.1,0.0
densenet169,least_confidence,dual_metric,all_images,1905,349,0.9635517563954302,0.962299555837096,,,,
densenet169,least_confidence,dual_metric,misclassified,188,91,0.42494618783278576,0.38642800498470603,,,,
densenet169,least_confidence,dual_metric,confidently_misclassified,105,55,0.39454545454545453,0.3538181818181818,,,,
densenet169,least_confidence,dual_metric,false_negatives_only,78,78,,,0.08673164580433348,0.0807943160979011,0.02564102564102564,0.01282051282051282
densenet169,least_confidence,uncertainty_only,all_images,1905,349,0.9568156539801563,0.9577419140990417,,,,
densenet169,least_confidence,uncertainty_only,misclassified,207,94,0.40933910751270947,0.3841084541517605,,,,
densenet169,least_confidence,uncertainty_only,confidently_misclassified,120,60,0.3452777777777778,0.3441666666666667,,,,
densenet169,least_confidence,uncertainty_only,false_negatives_only,76,76,,,0.09011768190987342,0.07706844350212443,0.039473684210526314,0.02631578947368421
densenet169,margin,dual_metric,all_images,1905,349,0.953749604083647,0.9561398339729378,,,,
densenet169,margin,dual_metric,misclassified,199,85,0.35304437564499486,0.3328173374613003,,,,
densenet169,margin,dual_metric,confidently_misclassified,120,59,0.3284245623784385,0.31925534870797445,,,,
densenet169,margin,dual_metric,false_negatives_only,72,72,,,0.08028568067514569,0.0773717178978108,0.013888888888888888,0.0
densenet169,margin,uncertainty_only,all_images,1905,349,0.9566683362674111,0.9589554437577802,,,,
densenet169,margin,uncertainty_only,misclassified,208,98,0.38849721706864565,0.3650278293135436,,,,
densenet169,margin,uncertainty_only,confidently_misclassified,118,54,0.37962962962962965,0.3645833333333333,,,,
densenet169,margin,uncertainty_only,false_negatives_only,85,85,,,0.10507424385274139,0.0859344238782015,0.058823529411764705,0.03529411764705882
densenet169,mc_dropout,dual_metric,all_images,1905,349,0.9621872260811278,0.9620785792679782,,,,
densenet169,mc_dropout,dual_metric,misclassified,198,92,0.4115053322395406,0.38689499589827725,,,,
densenet169,mc_dropout,dual_metric,confidently_misclassified,110,50,0.367,0.36,,,,
densenet169,mc_dropout,dual_metric,false_negatives_only,78,78,,,0.12338508425550064,0.09266039841939788,0.10256410256410256,0.0
densenet169,mc_dropout,uncertainty_only,all_images,1905,349,0.9581912331229145,0.9576369502287108,,,,
densenet169,mc_dropout,uncertainty_only,misclassified,211,89,0.3858905875851906,0.3575244059679499,,,,
densenet169,mc_dropout,uncertainty_only,confidently_misclassified,118,47,0.3257416841474378,0.3227449805214264,,,,
densenet169,mc_dropout,uncertainty_only,false_negatives_only,79,79,,,0.16165933946484806,0.11979791092371839,0.10126582278481013,0.012658227848101266
efficientnet_b4,entropy,dual_metric,all_images,1905,349,0.9428407274548656,0.9431961314368633,,,,
efficientnet_b4,entropy,dual_metric,misclassified,239,103,0.36136493432324385,0.355868075385494,,,,
efficientnet_b4,entropy,dual_metric,confidently_misclassified,108,48,0.3347222222222222,0.3260416666666667,,,,
efficientnet_b4,entropy,dual_metric,false_negatives_only,85,85,,,0.09624693796741762,0.10448084077673195,0.03529411764705882,0.0
efficientnet_b4,entropy,uncertainty_only,all_images,1905,349,0.9312173599192699,0.9326886955753125,,,,
efficientnet_b4,entropy,uncertainty_only,misclassified,285,103,0.3777872612824069,0.35031473380987943,,,,
efficientnet_b4,entropy,uncertainty_only,confidently_misclassified,101,36,0.23675213675213674,0.24487179487179486,,,,
efficientnet_b4,entropy,uncertainty_only,false_negatives_only,85,85,,,0.14952649178291644,0.12447971456685678,0.07058823529411765,0.0
efficientnet_b4,least_confidence,dual_metric,all_images,1905,349,0.9500335147796495,0.952077548043989,,,,
efficientnet_b4,least_confidence,dual_metric,misclassified,244,103,0.4491496247331819,0.433932383116436,,,,
efficientnet_b4,least_confidence,dual_metric,confidently_misclassified,89,41,0.39176829268292684,0.3948170731707317,,,,
efficientnet_b4,least_confidence,dual_metric,false_negatives_only,84,84,,,0.13392986670614285,0.13058560383645504,0.023809523809523808,0.0
efficientnet_b4,least_confidence,uncertainty_only,all_images,1905,349,0.9348413756528016,0.9378890108352178,,,,
efficientnet_b4,least_confidence,uncertainty_only,misclassified,238,116,0.41944601469756926,0.4169728660260034,,,,
efficientnet_b4,least_confidence,uncertainty_only,confidently_misclassified,90,51,0.34841628959276016,0.3599798893916541,,,,
efficientnet_b4,least_confidence,uncertainty_only,false_negatives_only,100,100,,,0.126909976986607,0.11564372095300404,0.06,0.0
efficientnet_b4,margin,dual_metric,all_images,1905,349,0.9499377582663652,0.9506135782735837,,,,
efficientnet_b4,margin,dual_metric,misclassified,239,101,0.41785048070024394,0.40457741426316546,,,,
efficientnet_b4,margin,dual_metric,confidently_misclassified,97,46,0.39215686274509803,0.3955669224211424,,,,
efficientnet_b4,margin,dual_metric,false_negatives_only,88,88,,,0.1066340448184091,0.11183510269950721,0.011363636363636364,0.011363636363636364
efficientnet_b4,margin,uncertainty_only,all_images,1905,349,0.9459684666435869,0.9465604997016817,,,,
efficientnet_b4,margin,uncertainty_only,misclassified,252,97,0.4147655470568673,0.39787163285666777,,,,
efficientnet_b4,margin,uncertainty_only,confidently_misclassified,88,37,0.314785373608903,0.3142554319024907,,,,
efficientnet_b4,margin,uncertainty_only,false_negatives_only,75,75,,,0.12267443783939998,0.10778497808133407,0.05333333333333334,0.013333333333333334
efficientnet_b4,mc_dropout,dual_metric,all_images,1905,349,0.9538085311687451,0.9544143752624097,,,,
efficientnet_b4,mc_dropout,dual_metric,misclassified,230,93,0.4184129974099364,0.40051801271485754,,,,
efficientnet_b4,mc_dropout,dual_metric,confidently_misclassified,73,35,0.3924812030075188,0.3827067669172932,,,,
efficientnet_b4,mc_dropout,dual_metric,false_negatives_only,80,80,,,0.1672157877257625,0.1453449060710446,0.0875,0.0125
efficientnet_b4,mc_dropout,uncertainty_only,all_images,1905,349,0.9497757087823454,0.9506098953307651,,,,
efficientnet_b4,mc_dropout,uncertainty_only,misclassified,244,98,0.4064858820240425,0.388454011741683,,,,
efficientnet_b4,mc_dropout,uncertainty_only,confidently_misclassified,73,33,0.3659090909090909,0.3696969696969697,,,,
efficientnet_b4,mc_dropout,uncertainty_only,false_negatives_only,81,81,,,0.16586958952874073,0.1467941048071736,0.1111111111111111,0.024691358024691357
resnet50,entropy,dual_metric,all_images,1905,349,0.9545432782610617,0.9546942789166255,,,,
resnet50,entropy,dual_metric,misclassified,193,91,0.41381167851756084,0.39043309631544926,,,,
resnet50,entropy,dual_metric,confidently_misclassified,118,55,0.35209235209235207,0.3526695526695527,,,,
resnet50,entropy,dual_metric,false_negatives_only,77,77,,,0.09283342339263245,0.07643758959501344,0.03896103896103896,0.0
resnet50,entropy,uncertainty_only,all_images,1905,349,0.9467188662428827,0.94591966765124,,,,
resnet50,entropy,uncertainty_only,misclassified,203,99,0.39034576534576537,0.3525641025641026,,,,
resnet50,entropy,uncertainty_only,confidently_misclassified,115,53,0.3676202069385271,0.34205721241631165,,,,
resnet50,entropy,uncertainty_only,false_negatives_only,84,84,,,0.11090430029111548,0.08654517877474971,0.05952380952380952,0.0
resnet50,least_confidence,dual_metric,all_images,1905,349,0.9580936351382209,0.9580917936668115,,,,
resnet50,least_confidence,dual_metric,misclassified,196,89,0.4712800588049984,0.4505933004305366,,,,
resnet50,least_confidence,dual_metric,confidently_misclassified,105,50,0.47454545454545455,0.4778181818181818,,,,
resnet50,least_confidence,dual_metric,false_negatives_only,76,76,,,0.11022084229954428,0.10028726365319747,0.07894736842105263,0.0
resnet50,least_confidence,uncertainty_only,all_images,1905,349,0.9528325513218082,0.9542670575496645,,,,
resnet50,least_confidence,uncertainty_only,misclassified,203,87,0.38416567578279825,0.3680142687277051,,,,
resnet50,least_confidence,uncertainty_only,confidently_misclassified,123,53,0.3975741239892183,0.3948787061994609,,,,
resnet50,least_confidence,uncertainty_only,false_negatives_only,71,71,,,0.09824520043869323,0.0896152642210126,0.04225352112676056,0.0
resnet50,margin,dual_metric,all_images,1905,349,0.9540930385014842,0.9515306310354226,,,,
resnet50,margin,dual_metric,misclassified,199,95,0.41234817813765184,0.3896761133603239,,,,
resnet50,margin,dual_metric,confidently_misclassified,128,65,0.37655677655677655,0.37264957264957266,,,,
resnet50,margin,dual_metric,false_negatives_only,79,79,,,0.06966790852514139,0.06028246332151911,0.02531645569620253,0.0
resnet50,margin,uncertainty_only,all_images,1905,349,0.95105368994041,0.949287718858877,,,,
resnet50,margin,uncertainty_only,misclassified,201,102,0.4506833036244801,0.4177064765300059,,,,
resnet50,margin,uncertainty_only,confidently_misclassified,127,71,0.40518108651911466,0.40090543259557343,,,,
resnet50,margin,uncertainty_only,false_negatives_only,88,88,,,0.1019291984472995,0.07085913052458531,0.06818181818181818,0.0
resnet50,mc_dropout,dual_metric,all_images,1905,349,0.9588965166726822,0.9588265407591282,,,,
resnet50,mc_dropout,dual_metric,misclassified,207,79,0.40456882911392406,0.385185917721519,,,,
resnet50,mc_dropout,dual_metric,confidently_misclassified,119,50,0.3814492753623188,0.36492753623188406,,,,
resnet50,mc_dropout,dual_metric,false_negatives_only,67,67,,,0.09705382647642001,0.0828662545094958,0.04477611940298507,0.0
resnet50,mc_dropout,uncertainty_only,all_images,1905,349,0.9564473596982933,0.9560716995307931,,,,
resnet50,mc_dropout,uncertainty_only,misclassified,213,92,0.4294825727632052,0.41466043837585337,,,,
resnet50,mc_dropout,uncertainty_only,confidently_misclassified,117,51,0.3799762329174094,0.3787878787878788,,,,
resnet50,mc_dropout,uncertainty_only,false_negatives_only,79,79,,,0.08699300627136201,0.07202614138710203,0.012658227848101266,0.0
